No.,問題文,選択肢A,選択肢B,選択肢C,選択肢D,正解,解説,分野
1,企業が自社で物理サーバーを購入・維持する形態から、クラウドに移行することで得られる財務上の最大の変化は何ですか？,運用費（OpEx）から資本的支出（CapEx）への移行,資本的支出（CapEx）から運用費（OpEx）への移行,総所有コスト（TCO）の増加,ソフトウェアライセンス費用の固定化,B,初期投資となるインフラ購入費（CapEx）を削減し、使った分だけ支払う継続的な運用費（OpEx）に切り替えることができます。,【単元1：デジタルトランスフォーメーションとクラウドの基礎】
2,クラウドインフラの需要増減に合わせて、リソースを自動的かつ瞬時に拡張・縮小できる能力を何と呼びますか？,弾力性（Elasticity）,可用性（Availability）,耐障害性（Fault Tolerance）,信頼性（Reliability）,A,トラフィックのピーク時のみリソースを増やし、閑散期には減らすことでコストを最適化できる能力を弾力性（スケーラビリティ）と呼びます。,【単元1：デジタルトランスフォーメーションとクラウドの基礎】
3,インフラストラクチャを自社（オンプレミス）とパブリッククラウドの両方に配置し、連携させて運用するアーキテクチャは何ですか？,マルチクラウド,プライベートクラウド,ハイブリッドクラウド,コミュニティクラウド,C,機密データはオンプレミスに、Webフロントはクラウドを利用するなど、両者を組み合わせた運用がハイブリッドクラウドです。複数のパブリッククラウドを組み合わせる場合はマルチクラウドと呼びます。,【単元1：デジタルトランスフォーメーションとクラウドの基礎】
4,特定のクラウドプロバイダーの技術に依存しすぎず、複数のクラウドを組み合わせて利用したり、移行を容易にしたりする戦略の主な目的は何ですか？,レイテンシの増加,TCOの最大化,セキュリティの単一障害点の作成,ベンダーロックインの回避,D,オープンソース技術などを活用し、特定のベンダーに縛られない（ロックインされない）状態を作るための戦略です。,【単元1：デジタルトランスフォーメーションとクラウドの基礎】
5,IaaS、PaaS、SaaSのうち、Google Workspace（旧G Suite）やGmailはどれに分類されますか？,IaaS,PaaS,SaaS,DBaaS,C,ソフトウェア自体がインターネット経由で提供され、ユーザーがインフラやプラットフォームの管理を行わない形態をSaaS（Software as a Service）と呼びます。,【単元1：デジタルトランスフォーメーションとクラウドの基礎】
6,システムの導入・運用・保守・廃棄にかかるすべての費用の合計を指す用語は何ですか？,ROI（投資利益率）,TCO（総所有コスト）,SLA（サービスレベル契約）,SLI（サービスレベル指標）,B,クラウドへの移行を検討する際は、初期の導入費用だけでなくTCO（Total Cost of Ownership）全体で比較することが重要です。,【単元1：デジタルトランスフォーメーションとクラウドの基礎】
7,企業内の各部門がデータを独自に管理し、他部門と共有・連携できていない状態を何と呼びますか？,データレイク,データウェアハウス,データのサイロ化,データの民主化,C,各部門が孤立してデータを保持している状態をサイロ化と呼びます。DX推進においては、これを破壊し統合することが求められます。,【単元1：デジタルトランスフォーメーションとクラウドの基礎】
8,サービス提供者がユーザーに対して保証する、サービスの稼働率などの契約上の合意は何ですか？,SLO,SLI,SLA,SRE,C,SLA（Service Level Agreement）は契約上の合意です。これを下回った場合、Google Cloudでは金銭的補償（サービスクレジット）が提供されます。,【単元1：デジタルトランスフォーメーションとクラウドの基礎】
9,サーバーやネットワークなどのインフラ環境一式をインターネット経由で提供するクラウドモデルは何ですか？,FaaS,SaaS,PaaS,IaaS,D,IaaS（Infrastructure as a Service）は、VMやストレージなどのインフラ基盤を提供するモデルです。OS以上の管理はユーザーが行います。,【単元1：デジタルトランスフォーメーションとクラウドの基礎】
10,Google Cloudのグローバルインフラストラクチャの最大の強み・特徴は何ですか？,すべてのデータセンターが単一の地域に集中していること,独自の専用グローバル光ファイバーネットワーク,他社のデータセンターを間借りしていること,物理セキュリティを顧客に委任していること,B,Google Cloudは独自の強力なネットワーク網を持っており、公衆インターネットを通る区間を最小限に抑え、高速でセキュアな通信を実現しています。,【単元1：デジタルトランスフォーメーションとクラウドの基礎】
11,企業がクラウドを導入することで得られる「ビジネスの俊敏性（アジリティ）」の向上を最もよく表しているものはどれですか？,ハードウェアの調達から設置まで数ヶ月かけて慎重に計画できること,新しいアイデアやサービスを数分で立ち上げ、失敗してもすぐに撤退（フェイルファスト）できること,セキュリティの責任をすべてクラウドプロバイダーに任せられること,IT部門のスタッフを完全に削減できること,B,クラウドの最大のメリットの一つは、リソースを瞬時に調達でき、実験的なプロジェクトを素早く低コストで試せる「ビジネスの俊敏性」です。,【単元1：デジタルトランスフォーメーションとクラウドの基礎】
12,Googleが社内で開発し、オープンソースとして一般公開した「コンテナオーケストレーションシステム」はどれですか？,Hadoop,Linux,Kubernetes,TensorFlow,C,KubernetesはGoogleが開発しオープンソース化した技術であり、現在では業界標準のコンテナ管理プラットフォームとなっています。なお、TensorFlowもGoogle発ですが、こちらは機械学習のフレームワークです。,【単元1：デジタルトランスフォーメーションとクラウドの基礎】
13,企業がオンプレミスからGoogle Cloudへ移行することで達成しやすくなる「環境的サステナビリティ（持続可能性）」のメリットは何ですか？,物理サーバーの廃棄処分を顧客自身で行う権限が得られる,100%再生可能エネルギーで稼働するデータセンターを利用できる,サーバーの冷却にフロンガスのみを使用している,インターネット接続が不要になるため電力を消費しない,B,Google Cloudは、消費する電力の100%を再生可能エネルギーでカバーしており、クラウド移行は企業のカーボンフットプリント（温室効果ガス排出量）削減に直結します。,【単元1：デジタルトランスフォーメーションとクラウドの基礎】
14,従来のIT環境における「資本的支出（CapEx）」の具体例として正しいものはどれですか？,毎月のインターネット回線使用料,ソフトウェアの月額サブスクリプション費用,新しいデータセンター用の物理サーバーの購入,クラウド上の仮想マシンの時間単位の利用料,C,CapEx（資本的支出）は、サーバーやネットワーク機器などの物理的な資産を購入するための初期投資を指します。クラウドはこれをOpEx（運用費）に変換します。,【単元1：デジタルトランスフォーメーションとクラウドの基礎】
15,Google Cloudが提供するパブリッククラウド環境の基本的な特徴として正しいものはどれですか？,特定の一企業のためだけに構築された物理的な専用環境である,リソースはインターネット経由で複数の組織（テナント）と共有される,顧客の社内ネットワーク内にGoogleのサーバーを設置する,カスタマイズされた独自のハードウェアを顧客が持ち込む必要がある,B,パブリッククラウドは、基盤となるインフラを複数の組織（マルチテナント）で共有し、インターネット経由でサービスを利用するモデルです。,【単元1：デジタルトランスフォーメーションとクラウドの基礎】
16,デジタルトランスフォーメーション（DX）において、「API」を活用する主な目的は何ですか？,自社の機密データを完全にオフラインで保管するため,古いシステムを物理的に廃棄するため,異なるシステムやアプリケーション間でデータや機能を簡単に連携・共有するため,従業員のパスワードを複雑化するため,C,API（Application Programming Interface）は、ソフトウェア同士をつなぐ窓口であり、新しいサービスの迅速な開発やパートナー企業との連携（APIエコノミー）を促進します。,【単元1：デジタルトランスフォーメーションとクラウドの基礎】
17,イノベーションを促進する企業文化において、Googleが推奨する「心理的安全性」を確保するための実践例はどれですか？,障害発生時に、原因となった担当者を特定して罰する,障害発生時に、個人を責めず「なぜシステムがそれを許容したか」を分析する（非難なきポストモーテム）,失敗のリスクがあるプロジェクトは一切承認しない,すべての意思決定をトップダウンで行う,B,「非難なきポストモーテム（Blameless Postmortem）」はSREの重要な文化であり、失敗を個人の責任にせず、システムの改善に繋げることでイノベーションを促進します。,【単元1：デジタルトランスフォーメーションとクラウドの基礎】
18,クラウドコンピューティングの5つの基本特性の一つである「オンデマンド・セルフサービス」とは何ですか？,IT部門やプロバイダーの担当者を介さず、ユーザー自身が必要な時に自動でリソースをプロビジョニングできること,カスタマーサポートに電話をかけることでリソースが追加されること,契約後、1年間は解約できないこと,リソースの使用量が常に一定であること,A,管理者の承認や物理的な作業を待つことなく、WebコンソールやAPIから数クリックでサーバーなどを立ち上げられる特性を指します。,【単元1：デジタルトランスフォーメーションとクラウドの基礎】
19,Google Cloudの「グローバル リーチ」がビジネスにもたらす最大のメリットは何ですか？,世界中のすべての国で同じ法律が適用されるようになる,エンドユーザーの地理的に近い場所にアプリケーションを配置でき、遅延（レイテンシ）を最小限に抑えられる,翻訳ツールを使わずに全言語でサポートを受けられる,為替変動の影響を受けずに一律の料金で利用できる,B,世界中に配置されたGoogle Cloudのリージョン（拠点）を利用することで、グローバル展開する際もユーザーに高速で快適なサービスを提供できます。,【単元1：デジタルトランスフォーメーションとクラウドの基礎】
20,IaaSとPaaSを比較した際、PaaS（Platform as a Service）を利用する開発者の最大のメリットは何ですか？,OSのカーネルやパッチ適用を完全に自社でコントロールできる,インフラやOSの管理を気にせず、アプリケーションのコード開発にのみ集中できる,アプリケーションのコードを一切書かずに既製品のソフトウェアを利用できる,自社のデータセンター内に物理サーバーを構築できる,B,PaaS（App Engineなど）はOSやミドルウェアの管理をプロバイダーが行うため、開発者はビジネスロジック（コード）の作成に専念できます。,【単元1：デジタルトランスフォーメーションとクラウドの基礎】
21,企業が新製品のアイデアを思いついてから、実際に顧客に提供するまでの時間を何と呼びますか？（クラウド導入によりこの時間が劇的に短縮されます）,投資利益率 (ROI),総所有コスト (TCO),サービスレベル目標 (SLO),タイム・トゥ・マーケット (Time to Market / 市場投入までの時間),D,クラウドを利用することで、インフラの調達・構築にかかる時間が数ヶ月から数分に短縮され、「タイム・トゥ・マーケット」を大幅に改善できます。,【単元1：デジタルトランスフォーメーションとクラウドの基礎】
22,特定のITベンダー独自の技術に縛られず、他社環境への移行を容易にするために、Google Cloudが積極的に採用・支援しているソフトウェアの形態は何ですか？,クローズドソース ソフトウェア,オープンソース ソフトウェア (OSS),レガシー ソフトウェア,プロプライエタリ ソフトウェア,B,KubernetesやTensorFlowなどのオープンソース技術（OSS）をベースにすることで、ベンダーロックインを防ぎ、ハイブリッド/マルチクラウド戦略を容易にします。,【単元1：デジタルトランスフォーメーションとクラウドの基礎】
23,データ分析の専門家だけでなく、営業やマーケティングなど現場のビジネスユーザー自身がデータにアクセスし、意思決定を行えるようにする取り組みを何と呼びますか？,データのサイロ化,データの民主化 (Data Democratization),データのマスキング,データの暗号化,B,LookerなどのBIツールやBigQueryを活用し、組織全体でデータを活用できる文化を作ることを「データの民主化」と呼びます。,【単元1：デジタルトランスフォーメーションとクラウドの基礎】
24,企業がオンプレミス環境でシステムのピーク時（例：年に1度の大規模セール）に合わせてハードウェアを購入した場合、セール以外の期間に発生する無駄なコストを何と呼びますか？,スケールメリット,運用費 (OpEx),オーバープロビジョニング (過剰なリソース確保),ベンダーロックイン,C,最大の負荷に合わせてインフラを固定で用意すると、通常時はリソースが余り無駄が発生します。クラウドの「弾力性（オートスケール）」はこれを解決します。,【単元1：デジタルトランスフォーメーションとクラウドの基礎】
25,企業のIT部門が把握・管理していない状態で、現場の従業員が独自の判断で外部のクラウドサービスやツールを利用している状態を何と呼びますか？,ハイブリッドクラウド,マルチクラウド,シャドーIT,デジタルトランスフォーメーション,C,シャドーITはセキュリティリスク（データ漏洩など）の温床となります。企業は公式なクラウドプラットフォームを提供し、ガバナンスを効かせる必要があります。,【単元1：デジタルトランスフォーメーションとクラウドの基礎】
26,システムやアプリケーションが機能を追加したり、新しい要件に適応したりする際の「変更のしやすさ」や「素早さ」を指す用語は何ですか？,耐障害性 (Fault Tolerance),アジリティ (俊敏性),可用性 (Availability),レイテンシ (遅延),B,ビジネス要件の変化に対して、ITシステムがどれだけ迅速かつ柔軟に対応できるかを示す指標がアジリティです。,【単元1：デジタルトランスフォーメーションとクラウドの基礎】
27,企業がクラウド移行の「総所有コスト（TCO）」を計算する際、オンプレミス環境のコストとして含めるべきものはどれですか？,Google Cloudのデータ下り（外向き）ネットワーク料金,BigQueryのクエリ実行費用,データセンターの物理的なスペース代、電気代、冷却費,Spot VMの利用料金,C,TCOの比較では、サーバーの購入費だけでなく、それを維持するための設備費（家賃、電気代、空調費）や保守スタッフの人件費などもすべてオンプレミス側のコストとして計上する必要があります。,【単元1：デジタルトランスフォーメーションとクラウドの基礎】
28,Googleが提唱する「10倍思考（10x thinking）」の目的は何ですか？,利益を10倍にするために製品の価格を10倍に引き上げること,既存のプロセスを10%改善するのではなく、根本から見直して10倍の成果を目指すイノベーションを生み出すこと,サーバーの台数を常に10倍に維持すること,開発者の労働時間を10倍に増やすこと,B,小さな改善（10%の向上）に留まらず、全く新しいアプローチ（機械学習の導入など）によって圧倒的な飛躍（10倍の向上）を目指すGoogleのイノベーション文化です。,【単元1：デジタルトランスフォーメーションとクラウドの基礎】
29,クラウド導入を成功させるために、テクノロジー（技術）と同じくらい変革が必要とされるものは何ですか？,本社の所在地,オフィスのレイアウト,企業カルチャー（文化）と組織のプロセス,従業員の服装規定,C,DX（デジタルトランスフォーメーション）の成功には、クラウドという「技術」だけでなく、失敗を許容しアジャイルに動く「企業文化」の変革が不可欠です。,【単元1：デジタルトランスフォーメーションとクラウドの基礎】
30,自社のシステムをAPIとして外部に公開し、他社（パートナー企業やサードパーティのアプリ開発者）のサービスと連携させることで新たなビジネス価値や収益を生み出す経済圏を何と呼びますか？,APIエコノミー,サブスクリプションモデル,モノリシックエコノミー,オンプレミスエコノミー,A,地図のAPI（Google Maps APIなど）を配車アプリが利用するように、APIを通じて企業同士が連携し、新しいサービスを創出する仕組みを指します。,【単元1：デジタルトランスフォーメーションとクラウドの基礎】
31,クラウドの費用対効果を評価するために、投資額に対する利益の割合を測定する財務指標は何ですか？,TCO (総所有コスト),ROI (投資利益率),SLA (サービスレベル契約),OpEx (運用費),B,ROI（Return on Investment）は、どれだけの投資でどれだけの利益が得られたかを測る指標で、クラウド移行のビジネスケースを説明する際に重要です。,【単元1：デジタルトランスフォーメーションとクラウドの基礎】
32,企業がGoogle Cloudを導入する際、最初に「リソース階層」の最上位に作成・設定すべきものは何ですか？,Compute Engine インスタンス,BigQuery データセット,組織ノード (Organization),Cloud Storage バケット,C,組織ノードは、企業全体のGoogle Cloudリソースを管理するための最上位の階層で、請求、アクセス制御、ポリシーを一元的に管理するために不可欠です。,【単元1：デジタルトランスフォーメーションとクラウドの基礎】
33,Google Cloudにおける「リージョン (Region)」の主な役割は何ですか？,世界中のユーザーにコンテンツを最も速く配信するためのキャッシュ拠点,物理的に独立したデータセンターの集まりで、高い可用性と低遅延を提供するための地理的エリア,Google Cloudのサービスを顧客が利用するためのログインポータル,顧客の請求アカウントを管理するためのシステム,B,リージョンはそれぞれ複数のゾーン（データセンター）を含み、リージョン内またはリージョン間での冗長化により、障害耐性とデータのレジデンシー要件を満たす上で重要です。,【単元1：デジタルトランスフォーメーションとクラウドの基礎】
34,プロダクトを開発するチームが、ビジネス部門や運用部門と密接に連携し、継続的な改善と価値提供を目指すアプローチを何と呼びますか？,ウォーターフォール開発,DevOps (開発運用),アジャイル開発,ガバナンス,B,DevOpsは開発チームと運用チームが協力し、ツールやプロセス、文化を用いることで、ソフトウェアのデリバリーと安定性を向上させる実践です。,【単元1：デジタルトランスフォーメーションとクラウドの基礎】
35,企業のIT資産をクラウドに移行する際、アプリケーションの変更を最小限に抑えつつ、OSを含む既存のシステムをそのままクラウド上のVMにコピーする移行戦略は何ですか？,リファクタリング (Re-architect),リプラットフォーム (Replatform),リホスト (Rehost / リフト＆シフト),リプレイス (Replace),C,リホストは最もシンプルかつ高速な移行戦略で、既存環境をできるだけ変えずにクラウドに移動させます。,【単元1：デジタルトランスフォーメーションとクラウドの基礎】
36,クラウド環境において「共有責任モデル」の原則に基づき、Googleが責任を負う領域として適切なものはどれですか？,顧客アプリケーションの脆弱性,保存されている顧客データのアクセス制御設定,地下にあるデータセンターの物理セキュリティとインフラストラクチャ,顧客のネットワーク内にあるファイアウォールの設定,C,Googleは、データセンターの物理的セキュリティ、基盤となるインフラストラクチャ、ハードウェア、ネットワーク、仮想化レイヤーのセキュリティに責任を負います。,【単元1：デジタルトランスフォーメーションとクラウドの基礎】
37,企業がクラウドを導入する主な理由として、「市場投入までの時間の短縮」が挙げられますが、これを可能にするクラウドの特性はどれですか？,物理サーバーの冷却機能が優れている,サーバーの購入に時間がかかる,必要な時に必要なリソースを素早くプロビジョニングできること (オンデマンド・セルフサービス),データセンターが世界中に分散していること,C,必要なリソースを数分で調達し設定できるため、アイデアからプロダクト、そして市場へというサイクルを劇的に加速できます。,【単元1：デジタルトランスフォーメーションとクラウドの基礎】
38,企業が「ハイブリッドクラウド」を導入する際のビジネス上の主要な目的は何ですか？,単一のベンダーに全面的に依存するため,データレジデンシー要件やレガシーシステムとの連携など、特定のユースケースでオンプレミスを維持しつつ、クラウドのメリットも享受するため,すべてのデータを常にインターネット上に公開するため,外部からのアクセスを完全に遮断し、閉鎖的な環境を構築するため,B,ハイブリッドクラウドは、規制順守、データレジデンシー、低遅延、既存のIT投資の活用といった理由で、オンプレミスとクラウドを共存させる戦略です。,【単元1：デジタルトランスフォーメーションとクラウドの基礎】
39,クラウド利用の「弾力性（Elasticity）」がビジネスにもたらす最大のメリットは何ですか？,固定資産の運用コストを削減できる,需要に応じてリソースを自動的に増減させ、サービスの安定稼働とコスト効率を両立できる,データの物理的な所在地を常に単一の国に固定できる,従業員の生産性を低下させられる,B,弾力性により、例えばキャンペーン期間中のトラフィック急増時にもシステムはダウンせず、アイドル時には課金を抑えることができます。,【単元1：デジタルトランスフォーメーションとクラウドの基礎】
40,Google Cloudにおいて、「ゾーン (Zone)」の主な役割は何ですか？,特定のリージョン内で、互いに独立した障害ドメインを持つ物理的に隔離されたデータセンター群,リージョン内の異なる国々を表す地理的な区分,顧客がVPCネットワークを設定するための仮想的な境界,クラウドの費用を地域ごとに計算するための単位,A,ゾーンはリージョン内の独立したインフラ群であり、異なるゾーンにリソースを分散配置することで、単一のデータセンター障害からシステムを保護し、高い可用性を実現します。,【単元1：デジタルトランスフォーメーションとクラウドの基礎】
41,企業がパブリッククラウドに移行する際の「主要な動機」として最も一般的ではないものはどれですか？,ハードウェアの購入と管理の負担を軽減するため,高いスケーラビリティと弾力性を得るため,最新のデータセンターやネットワークインフラを自社で構築・所有するため,資本的支出 (CapEx) を運用費 (OpEx) に転換するため,C,パブリッククラウドの主要な動機は、自社でのインフラ構築・所有を避け、クラウドプロバイダーが提供する最新のインフラを利用することにあります。,【単元1：デジタルトランスフォーメーションとクラウドの基礎】
42,Google Cloudの「リージョン」と「ゾーン」の関係について、正しい記述はどれですか？,リージョンは単一のデータセンターを表し、ゾーンはそのデータセンター内のラックの単位である。,各リージョンは1つ以上のゾーンから構成され、ゾーンは物理的に冗長化された独立した障害ドメインである。,ゾーンとは世界中のあらゆる場所を指し、リージョンはそのゾーン間のネットワーク接続を指す。,リージョンは物理的な場所を表さない抽象的な概念である。,B,各リージョンは、互いに電力、冷却、ネットワークサービスを共有しない独立したゾーンで構成されており、単一のデータセンター障害からアプリケーションを保護します。,【単元1：デジタルトランスフォーメーションとクラウドの基礎】
43,企業が特定のアプリケーションをオンプレミス環境に維持し続けることを選択する理由として、最も適切なものはどれですか？,クラウドの利用料金が常に高すぎるため,そのアプリケーションが非常に古いレガシーシステムであり、独自のハードウェアに密接に結びついているため,クラウドプロバイダーがそのアプリケーションをサポートしないため,社外の従業員がそのアプリケーションにアクセスできないようにするため,B,レガシーシステムが特定のハードウェアに依存している、またはライセンス制約がある場合など、クラウドへの移行コストやリスクが高い「リテイン（現状維持）」戦略が取られることがあります。,【単元1：デジタルトランスフォーメーションとクラウドの基礎】
44,デジタルトランスフォーメーションにおける「イノベーション」を推進するために、クラウドが果たす役割として最も重要視されるものはどれですか？,既存のビジネスプロセスを一切変更しないこと,新しい技術やサービスを迅速に試行し、失敗から学ぶプロセスを可能にすること (高速な実験環境),すべてのデータをオンプレミスに集約すること,従業員が新しいツールを習得しないことを保証すること,B,クラウドは、リソースを素早く調達し、新しいアイデアのPoC（Proof of Concept）やMVP（Minimum Viable Product）を短いサイクルで反復的に開発できる環境を提供し、イノベーションを加速させます。,【単元1：デジタルトランスフォーメーションとクラウドの基礎】
45,クラウドへの移行を検討する際、既存のアプリケーションを大幅に再設計し、クラウドネイティブなアーキテクチャ（例：マイクロサービス、サーバーレス）へと作り変える戦略を何と呼びますか？,リホスト (Rehost),リプラットフォーム (Replatform),リファクタリング / リアーキテクト (Re-architect),リテイン (Retain),C,リアーキテクトは、クラウドのメリットを最大限に引き出すために、アプリケーションを根本から設計し直す最もコストと時間のかかる戦略ですが、長期的な柔軟性と効率をもたらします。,【単元1：デジタルトランスフォーメーションとクラウドの基礎】
46,"「マルチクラウド」戦略を採用する企業が、複数あるパブリッククラウドプロバイダー（例：Google Cloud, AWS, Azure）の中から特定のサービスを選んで利用する主な理由は何ですか？",特定のクラウドベンダーに完全に依存するため,各社が提供する専門的なサービスやベストオブブリード（各分野で最も優れた）なソリューションを活用するため,すべてのクラウドプロバイダーに同時に障害が発生した場合に備えるため,コストを意図的に複雑にするため,B,マルチクラウド戦略は、各クラウドプロバイダーのユニークな強み（機械学習に強い、特定のDBサービスが優れているなど）を組み合わせて利用することを目指します。,【単元1：デジタルトランスフォーメーションとクラウドの基礎】
47,ビジネスのアジリティを向上させるために、IT部門が取り組むべき最も効果的な戦略はどれですか？,すべてのプロジェクトを手動で管理する,変化を恐れず、継続的デリバリー（CD）などの自動化されたプロセスを導入し、アプリケーションのリリースサイクルを高速化する,変更管理プロセスを極端に厳しくする,既存のレガシーシステムを一切変更しない,B,CI/CDパイプラインを構築し、開発からデプロイまでのプロセスを自動化することで、新しい機能やサービスを迅速に市場投入し、ビジネスのアジリティを高めることができます。,【単元1：デジタルトランスフォーメーションとクラウドの基礎】
48,クラウドコンピューティングにおける「プロプライエタリ技術」を避ける主な利点は何ですか？,プロプライエタリ技術の方が常に性能が高い,特定のベンダーにロックインされるリスクを減少させ、柔軟なアーキテクチャ選択や将来的な移行の可能性を確保できる,ライセンス費用が必ず無料になる,セキュリティパッチの適用が不要になる,B,プロプライエタリ（独占的）技術は特定のベンダーに固有であり、それを利用しすぎると他のベンダーへの移行が困難になります。オープンソース技術などはベンダー中立性を高めます。,【単元1：デジタルトランスフォーメーションとクラウドの基礎】
49,既存のオンプレミスアプリケーションのデータベースを、最小限の変更でGoogle Cloudのマネージドサービス（例：Cloud SQL）に移行する戦略は何と呼ばれますか？,リホスト,リプラットフォーム,リファクタリング,リプレイス,B,リプラットフォームは、コードの変更は最小限に抑えつつ、インフラの一部をマネージドサービスに置き換え、クラウドの利点（運用負荷軽減、スケーラビリティ）を享受する戦略です。,【単元1：デジタルトランスフォーメーションとクラウドの基礎】
50,企業がイノベーションを推進するための「心理的安全性」を最も損なう行為はどれですか？,失敗から学び、その原因を分析し、改善策を共有すること,新しいアイデアの提案を奨励し、試行錯誤の機会を提供すること,失敗を個人の責任として厳しく処罰し、再発防止のために隠蔽を助長する文化を醸成すること,異なる部門間の協力とオープンなコミュニケーションを促進すること,C,失敗を罰する文化は、従業員が新しいことに挑戦することを躊躇させ、イノベーションを阻害します。SREの「非難なきポストモーテム」は心理的安全性を重視します。,【単元1：デジタルトランスフォーメーションとクラウドの基礎】
51,クラウドにおいて、複数のリージョン間でデータの分散配置やレプリケーションを行う目的は何ですか？,コストを削減するため,データセンターが地域全体で停止するような壊滅的な障害（リージョン障害）が発生した場合でも、データ損失を最小限に抑え、事業継続性を確保するため,データの転送速度を意図的に遅くするため,コンプライアンス要件を無視するため,B,リージョン間での冗長化は、ディザスタリカバリ（DR）戦略の基本であり、高い事業継続性（BCP）を確保するために不可欠です。,【単元1：デジタルトランスフォーメーションとクラウドの基礎】
52,Google Cloudの「Shared VPC」が解決する主な課題は何ですか？,単一のプロジェクト内で異なるネットワークアドレス空間を使用したい,複数プロジェクトにまたがるリソース（VM、GKEなど）が、共通のVPCネットワークを安全に共有し、一元的に管理できるようにしたい,オンプレミスとクラウド間で仮想ネットワークを確立したい,特定のWebアプリケーションのCDNを構築したい,B,Shared VPCは、ネットワーク管理を一元化しつつ、各プロジェクトが独立してリソースをデプロイできるため、大規模な組織でのネットワーク管理を効率化します。,【単元1：デジタルトランスフォーメーションとクラウドの基礎】
53,企業がクラウド移行を成功させるために、技術的な側面に加えて最も重視すべきことは何ですか？,全てのレガシーシステムを廃棄すること,組織内の文化変革、スキルアップ、新しい運用モデルの導入（開発と運用の連携強化など）,特定のベンダー製品のみを使用すること,あらゆる情報をインターネット上に公開すること,B,クラウド移行は単なる技術導入ではなく、組織の働き方や文化そのものを変革するDXの一部として捉える必要があります。,【単元1：デジタルトランスフォーメーションとクラウドの基礎】
54,Google Cloudの「Compute Engine」インスタンスで、OSのカスタマイズや特定のソフトウェアのインストール、独自のカーネルパッチ適用など、IaaSならではの「柔軟な制御」が求められる場合に選択すべきマシンタイプは何ですか？,App Engine インスタンス,Cloud Functions 関数,カスタムマシンタイプなど、ユーザーが完全に制御できるインスタンス,Cloud Run サービス,C,Compute EngineはIaaSであるため、VMインスタンス上でOSからアプリケーションまで、ユーザーが自由に環境を構築・制御できます。App EngineやCloud Functions、Cloud RunはPaaS/FaaS/サーバーレスであり、インフラの制御範囲は限定的です。,【単元1：デジタルトランスフォーメーションとクラウドの基礎】
55,企業が「ハイブリッドクラウド」環境を構築する際に、オンプレミスとクラウド間で安全なIPsec VPNトンネルを確立するために利用するサービスは何ですか？,Cloud Interconnect,Cloud VPN,Shared VPC,Cloud DNS,B,Cloud VPNは、インターネット経由でオンプレミスネットワークとGoogle CloudのVPCネットワークを安全に接続するためのサービスです。専用線接続の場合はCloud Interconnectです。,【単元1：デジタルトランスフォーメーションとクラウドの基礎】
56,クラウドサービスの進化は、従来のIT部門の役割にどのような影響を与えていますか？,IT部門の役割は完全に不要になった,IT部門はインフラの物理的管理から解放され、より戦略的なビジネス価値の創造やイノベーションの推進に注力できるようになった,IT部門は、より多くの物理サーバーを管理する必要が生じた,IT部門の業務は、より手動作業に回帰した,B,クラウドはIT部門の作業を自動化し、戦略的なR&Dやビジネス部門への貢献といった、より付加価値の高い業務へのシフトを可能にします。,【単元1：デジタルトランスフォーメーションとクラウドの基礎】
57,企業が開発・運用しているアプリケーションが、特定のイベント（例：センサーデータの到着、データベースレコードの変更）をトリガーとして実行されるように設計されている場合、これを何と呼びますか？,バッチ処理,イベント駆動型アーキテクチャ,モノリシックアーキテクチャ,プル型アーキテクチャ,B,イベント駆動型アーキテクチャは、システム間の疎結合を実現し、特定のイベント発生時にのみ必要な処理を実行することで、スケーラビリティと効率を向上させます。Cloud FunctionsやPub/Subが典型的なコンポーネントです。,【単元1：デジタルトランスフォーメーションとクラウドの基礎】
58,Google Cloud環境で稼働しているWebアプリケーションの可用性を向上させるため、複数のゾーンにわたってインスタンスを分散配置する主なメリットは何ですか？,コストを最小限に抑えることができる,単一のゾーン障害が発生しても、アプリケーションが継続して利用可能である,ネットワーク遅延が常にゼロになる,データのバックアップが不要になる,B,ゾーンとは独立した障害ドメインであるため、異なるゾーンにリソースを分散配置することで、単一ゾーンの停電やネットワーク障害などが発生してもサービスは停止しません。,【単元1：デジタルトランスフォーメーションとクラウドの基礎】
59,企業が新しいクラウドサービスや技術の採用を検討する際、最も慎重に評価すべき要素は何ですか？,その技術の流行度,その技術が解決するビジネス課題、既存システムとの統合性、コスト、セキュリティ、コンプライアンス要件,その技術のアイコンのデザイン,その技術の開発者の出身大学,B,新技術の導入は、ビジネス価値、技術的な適合性、運用上の考慮事項、セキュリティ・コンプライアンスのすべてを総合的に評価する必要があります。,【単元1：デジタルトランスフォーメーションとクラウドの基礎】
60,従来のIT環境での「ラックマウント型サーバー」の設置と、Google Cloudの「Compute Engine」のプロビジョニングを比較した際、後者が圧倒的に優れている点は何ですか？,物理的な設置スペースを多く必要とする,数カ月かかる調達期間が数分に短縮される (俊敏性),常に人手による操作が必要となる,ハードウェアのメンテナンスが顧客の責任となる,B,Compute EngineのようなIaaSサービスは、物理的なインフラの調達・設置にかかる時間と労力を大幅に削減し、ビジネスの俊敏性を高めます。,【単元1：デジタルトランスフォーメーションとクラウドの基礎】
61,ペタバイト規模のデータを極めて高速に分析できる、Google Cloudの完全マネージド型データウェアハウスは何ですか？,Cloud SQL,Cloud Spanner,BigQuery,Cloud Bigtable,C,BigQueryはサーバーレスのデータウェアハウスで、インフラ管理不要で標準SQLを用いて大規模なデータ分析が行えます。,【単元2：データと AI によるイノベーション】
62,グローバル規模での高いスケーラビリティと、リレーショナルデータベースとしての強整合性を両立したデータベースサービスは何ですか？,Cloud SQL,Cloud Spanner,Firestore,Cloud Bigtable,B,Cloud Spannerは、金融システムなどダウンタイムが許されず、世界中で厳密なデータの一貫性が必要な用途に最適なリレーショナルDBです。,【単元2：データと AI によるイノベーション】
63,画像、動画、バックアップファイルなどの「非構造化データ」を大量かつ安価に保存するのに適したサービスは何ですか？,Cloud Storage,Persistent Disk,Filestore,Cloud SQL,A,Cloud Storageはオブジェクトストレージであり、非構造化データの保存に最適です。アクセス頻度に応じた複数のストレージクラスが用意されています。,【単元2：データと AI によるイノベーション】
64,既存のオンプレミスのMySQLやPostgreSQLを、クラウド上にリフト＆シフト（そのまま移行）するのに最適なマネージドサービスは何ですか？,Cloud Spanner,Cloud SQL,BigQuery,Cloud Bigtable,B,Cloud SQLは、MySQL、PostgreSQL、SQL Server向けのフルマネージド リレーショナル データベース サービスです。,【単元2：データと AI によるイノベーション】
65,IoTデバイスのセンサーデータなど、ミリ秒単位のアクセスが求められる大規模な時系列データの保存に適したNoSQLデータベースは何ですか？,Cloud Bigtable,Firestore,Cloud Spanner,Cloud Storage,A,Cloud Bigtableは非常に高いスループットを誇るワイドカラム型NoSQLデータベースで、IoTデータやリアルタイム分析のバックエンドに使われます。,【単元2：データと AI によるイノベーション】
66,モバイルアプリやWebアプリのバックエンドとして適している、ドキュメント指向のNoSQLデータベースは何ですか？,Cloud Bigtable,Firestore,Cloud SQL,BigQuery,B,Firestoreはリアルタイムでのデータ同期やオフラインサポート機能を備えたドキュメント型NoSQLデータベースです。,【単元2：データと AI によるイノベーション】
67,機械学習モデルの開発、トレーニング、デプロイ、管理を統合された環境で行うことができるプラットフォームは何ですか？,Cloud Vision API,Dialogflow,Vertex AI,Dataflow,C,Vertex AIは、AI開発に必要なツールが一つにまとまった統合機械学習プラットフォームです。,【単元2：データと AI によるイノベーション】
68,ストリーミングデータ（リアルタイム）とバッチデータ（蓄積）の両方を同一のコードで処理できるデータ処理サービスは何ですか？,Dataproc,Dataflow,Pub/Sub,Cloud Build,B,Dataflowは、Apache Beamをベースにした完全マネージドなデータパイプライン（統合バッチ・ストリーミング）サービスです。,【単元2：データと AI によるイノベーション】
69,アプリケーション間で非同期にメッセージをやり取りし、システム同士を疎結合にするためのメッセージングサービスは何ですか？,Dataflow,Pub/Sub,Dataproc,Apigee,B,Pub/Subはイベント駆動型システム向けの非同期メッセージングサービスで、大量のデータストリームを取り込む役割を持ちます。,【単元2：データと AI によるイノベーション】
70,自社で機械学習モデルをトレーニングしなくても、画像内の物体認識や文字読み取り（OCR）機能を利用できるAPIサービスは何ですか？,Natural Language API,Video Intelligence API,Cloud Vision API,Translation API,C,Cloud Vision APIは、Googleが事前学習した画像解析用のAIモデルをAPI経由で簡単に利用できるサービスです。,【単元2：データと AI によるイノベーション】
71,企業内のデータを視覚化し、ビジネスユーザーが直感的に分析やダッシュボード作成を行えるようにする、Google CloudのエンタープライズBI（ビジネスインテリジェンス）プラットフォームは何ですか？,Cloud Spanner,Dataproc,Looker,Dataflow,C,Lookerは強力なデータ分析・可視化プラットフォームであり、組織全体のデータ主導の意思決定（データの民主化）を支援します。,【単元2：データと AI によるイノベーション】
72,構造化・非構造化を問わず、あらゆる形式の生データを加工せずにそのまま大量に保存しておく一元的なストレージリポジトリを何と呼びますか？,データウェアハウス,データマート,データレイク,リレーショナルデータベース,C,データレイク（Cloud Storageがよく使われます）は、将来どのような分析に使うか決まっていない生データ（ログ、画像、動画など）を安価に蓄積する場所です。,【単元2：データと AI によるイノベーション】
73,機械学習の専門知識や複雑なコード記述がなくても、自社独自のデータ（画像やテキストなど）を使って高品質なカスタムAIモデルをトレーニングできるサービスは何ですか？,BigQuery ML,Dialogflow,AutoML,Compute Engine,C,AutoMLを利用すると、GUIベースの操作で手軽に独自の機械学習モデル（自社製品の画像認識など）を作成・デプロイできます。,【単元2：データと AI によるイノベーション】
74,カスタマーサポート向けのチャットボットや音声アシスタントなど、自然言語による対話型インターフェースを構築するためのプラットフォームは何ですか？,Document AI,Vision API,Dialogflow,Speech-to-Text API,C,Dialogflowは、ユーザーの意図を理解し、自然な会話を実現するための強力な対話型AI構築プラットフォームです。,【単元2：データと AI によるイノベーション】
75,請求書、領収書、契約書などの画像やPDFから、AIを活用して自動的にテキストや構造化データを抽出・解析するサービスは何ですか？,Natural Language API,Document AI,Dataflow,Cloud Spanner,B,Document AIは、手作業でのデータ入力作業を削減し、ドキュメント処理のワークフローを自動化・効率化します。,【単元2：データと AI によるイノベーション】
76,コールセンターでの顧客との通話録音データをテキスト化し、後でキーワード分析を行いたい場合に利用するAPIは何ですか？,Text-to-Speech API,Speech-to-Text API,Translation API,Vision API,B,音声（Speech）をテキスト（Text）に変換する「Speech-to-Text API」が最適です。逆（テキストを音声で読み上げる）はText-to-Speechです。,【単元2：データと AI によるイノベーション】
77,従来のプログラミングと「機械学習（ML）」の決定的な違いは何ですか？,MLは人間がすべてのルール（If-Then）をプログラミングする必要がある,MLはデータと正解を与えることで、システム自らがパターン（ルール）を学習する,MLは常に100%正確な答えを返す,MLは構造化データしか処理できない,B,従来のプログラミングが「ルール」を入力して「答え」を出すのに対し、機械学習は「大量のデータと答え」を入力して「ルール（モデル）」を自動生成します。,【単元2：データと AI によるイノベーション】
78,HadoopやSparkといったオープンソースのビッグデータ処理フレームワークを、Google Cloud上で簡単に実行・管理できるマネージドサービスは何ですか？,Dataproc,Dataflow,BigQuery,Pub/Sub,A,既存のHadoop/Sparkワークロードをクラウドへ移行する際、Dataprocを利用することでクラスターの構築と管理が劇的に簡素化されます。,【単元2：データと AI によるイノベーション】
79,テキストデータ（ニュース記事やSNSの投稿など）を入力すると、AIがその文章の「感情（ポジティブ・ネガティブ）」や「構文」「エンティティ（固有名詞）」を分析してくれるAPIは何ですか？,Translation API,Natural Language API,Document AI,Vision API,B,Natural Language APIは、自然言語処理を用いてテキストの意味や構造を深く理解するためのサービスです。,【単元2：データと AI によるイノベーション】
80,BigQuery内で、標準SQLのみを使用して（Pythonなどのコードを書かずに）機械学習モデルの作成と実行ができる機能は何ですか？,Dataflow,AutoML,BigQuery ML,Vertex AI,C,BigQuery MLを利用することで、データアナリストは慣れ親しんだSQLを使って、データが保存されている場所で直接AIモデルを構築・予測できます。,【単元2：データと AI によるイノベーション】
81,蓄積された過去の大量のデータを一括で処理する「バッチ処理」に対し、センサーデータやクリックストリームなどを発生した瞬間に連続して処理する手法を何と呼びますか？,アーカイブ処理,ストリーミング処理,トランザクション処理,オフライン処理,B,ストリーミング処理は、リアルタイムでの不正検知や、即時のダッシュボード更新など、鮮度が重要なデータの分析に不可欠です（Dataflowなどが利用されます）。,【単元2：データと AI によるイノベーション】
82,小売業のECサイトにおいて、ユーザーの過去の閲覧履歴や購買データをもとに「この商品を買った人は、こんな商品も買っています」と提案し、売上を向上させるAIのユースケースは何ですか？,画像認識 (Vision AI),音声合成 (Text-to-Speech),レコメンデーション (Recommendations AI / Retail API),感情分析 (Natural Language API),C,レコメンデーションAIは、個々のユーザーの好みに合わせた商品やコンテンツを予測・提案し、顧客体験（パーソナライズ）と収益を向上させます。,【単元2：データと AI によるイノベーション】
83,複数のシステムからデータを抽出（Extract）、変換・加工（Transform）し、データウェアハウスに書き込む（Load）という一連のデータ処理プロセスを指す頭字語は何ですか？,CRM,ERP,ETL,DNS,C,"ETL（Extract, Transform, Load）は、データ分析を行う前準備として、データを綺麗に整えて統合する不可欠なプロセスです。DataflowやDataprocがこの役割を担います。",【単元2：データと AI によるイノベーション】
84,Cloud Storageにおいて、数年に1度しかアクセスしないような法規制のコンプライアンス目的のバックアップデータを、最も安価に長期間保存するのに適したストレージクラスは何ですか？,Standard,Nearline,Coldline,Archive,D,Archiveストレージは保存料金が最も安価なクラスで、1年に1回未満のアクセスしか発生しないデータ（長期アーカイブ）に最適です。,【単元2：データと AI によるイノベーション】
85,ECサイトの「ショッピングカート」や「ユーザーのセッション情報」など、データ構造が柔軟に変更される可能性が高く、高速な読み書きが求められる機能のバックエンドに適したデータベースの種類はどれですか？,リレーショナルデータベース (RDBMS),データウェアハウス,NoSQLデータベース (ドキュメント型/キーバリュー型),オブジェクトストレージ,C,NoSQL（FirestoreやCloud Bigtableなど）は、固定のスキーマ（表の構造）を持たず、柔軟かつ超高速なデータの読み書きが得意です。,【単元2：データと AI によるイノベーション】
86,機械学習モデルが高い精度で予測を行えるようにするために、トレーニング段階で最も重要となるものは何ですか？,複雑なアルゴリズムを手動でコーディングすること,大量かつ高品質（偏りのない）なデータを用意すること,最新のオンプレミスサーバーを購入すること,データウェアハウスの容量を制限すること,B,機械学習の性能は「データの質と量」に依存します。不完全なデータや偏ったデータ（バイアス）で学習させると、予測結果も不正確になります。,【単元2：データと AI によるイノベーション】
87,工場の製造ラインにおいて、カメラで撮影した製品の画像から「傷やへこみ」などの不良品をAIが自動的に検出し、品質管理を効率化するユースケースに最も適した技術は何ですか？,自然言語処理 (NLP),コンピュータビジョン (画像認識),音声認識,時系列予測,B,コンピュータビジョン（Vision AI / AutoML Visionなど）を利用することで、人間の目視検査をAIに代替させ、精度向上とコスト削減を実現できます。,【単元2：データと AI によるイノベーション】
88,企業がデータを安全かつ適切に管理・保護し、品質を維持しながら、法令やプライバシー規則（GDPRなど）を遵守するための組織的なルールやプロセスの枠組みを何と呼びますか？,データモデリング,データマイニング,データガバナンス,データパイプライン,C,データガバナンスは、誰がどのデータにアクセスできるのか、データの出所はどこか、などを管理し、データの信頼性とセキュリティを担保する取り組みです。,【単元2：データと AI によるイノベーション】
89,過去の売上データ、天候データ、イベント情報などを組み合わせてAIに学習させ、来月の商品の売上数や在庫の必要量をあらかじめ見積もる分析手法を何と呼びますか？,記述的分析 (何が起きたか),診断的分析 (なぜ起きたか),予測的分析 (これから何が起きるか),処方的分析 (どうすればよいか),C,予測分析（Predictive Analytics）は、過去のパターンから将来のトレンドや需要を高精度に予測し、在庫切れや廃棄ロスを防ぎます。,【単元2：データと AI によるイノベーション】
90,RDBMS（Cloud SQLやCloud Spannerなど）が保証する、データベースの信頼性を示す「ACID特性」に含まれないものはどれですか？,原子性 (Atomicity),一貫性 (Consistency),独立性 (Isolation),弾力性 (Elasticity),D,ACIDの「D」は耐久性（Durability）です。弾力性（Elasticity）はクラウドリソースのスケーリングに関する用語であり、ACID特性には含まれません。,【単元2：データと AI によるイノベーション】
91,Google Cloudのマネージドなオブジェクトストレージサービス「Cloud Storage」の利用例として最も適切なものはどれですか？,動的なWebページのホスティング,リレーショナルデータベースのテーブルの保存,大量の画像、動画、ログファイルなどの非構造化データの保存と配信,サーバーレスアプリケーションのコードの実行,C,Cloud Storageは、バケットという単位で大量の非構造化データを保存・取得できます。静的なWebコンテンツのホスティングにも利用されますが、直接動的なWebページをホストするものではありません。,【単元2：データと AI によるイノベーション】
92,既存の構造化データを活用して、複雑な機械学習モデルをSQLクエリだけでBigQuery内で直接学習・推論できる機能は何ですか？,AutoML Tables,Cloud Vision API,BigQuery ML,TensorFlow,C,BigQuery MLは、データアナリストが慣れ親しんだSQLを使って、BigQueryに格納されたデータから機械学習モデルを簡単に構築・実行できるようにします。,【単元2：データと AI によるイノベーション】
93,人間の言語を理解し、テキストから意図やエンティティを抽出したり、感情分析を行ったりするGoogle Cloudのサービスカテゴリは何ですか？,コンピュータビジョン,音声処理,自然言語処理 (NLP),時系列予測,C,Natural Language APIなどのサービスは、自然言語処理（NLP）のカテゴリに属し、人間のテキストをコンピュータが理解・分析できるようにします。,【単元2：データと AI によるイノベーション】
94,顧客が自身のデータに基づいて、特定の業界（例：医療、金融）向けに事前学習されたAIモデルをさらにカスタマイズし、精度を向上させるサービスは何ですか？,BigQuery ML,Dialogflow,Vertex AI (特定のユースケース向けサービス),Cloud Functions,C,Vertex AIは、カスタマイズ可能なAIモデルのトレーニングとデプロイを可能にする統合プラットフォームです。Google Cloudは、特定の業界向けに特化したAI製品（例えば、Healthcare APIなど）も提供しています。,【単元2：データと AI によるイノベーション】
95,大量のデータに対して、並列処理と分散処理を組み合わせて高速に集計・計算を行うために、Apache SparkやHadoopなどをマネージドサービスとして提供するものは何ですか？,Pub/Sub,Dataflow,BigQuery,Dataproc,D,Dataprocは、Apache HadoopやSparkクラスターをGoogle Cloud上で簡単にデプロイ・管理できるようにするマネージドサービスです。,【単元2：データと AI によるイノベーション】
96,リアルタイムアナリティクスにおいて、データが生成された時点から分析結果が得られるまでの時間を何と呼びますか？,RTO (目標復旧時間),レイテンシ (Latency),スループット (Throughput),RPO (目標復旧地点),B,レイテンシ（遅延）は、データを処理するシステムにとって重要な指標であり、リアルタイム性が求められる用途では極力短くする必要があります。,【単元2：データと AI によるイノベーション】
97,複数のリージョンにわたって高い一貫性と可用性を備え、大規模なリレーショナルデータベースが必要なグローバルな金融取引システムに最適なGoogle Cloudのデータベースは何ですか？,Cloud SQL,Cloud Spanner,Firestore,Cloud Bigtable,B,Cloud Spannerは、世界規模で一貫性と水平スケーラビリティを提供する唯一のエンタープライズ向けリレーショナルデータベースであり、厳密なACID特性を保証します。,【単元2：データと AI によるイノベーション】
98,企業のDX推進において、データから新たな価値を創造する「データの民主化」を成功させるために不可欠な要素はどれですか？,データを特定の専門家のみが管理し、厳重に保護する,データをすべての従業員が自由にダウンロードし、外部に共有できる環境を作る,データを安全に管理・統合し、ビジネスユーザーが簡単にアクセス・分析できるツールと教育を提供する,データを常に暗号化せずに保存する,C,データの民主化は、データが安全かつアクセス可能であり、IT部門の助けなしに誰もが意思決定に利用できる環境を整備することです。これにはツールとリテラシー教育が不可欠です。,【単元2：データと AI によるイノベーション】
99,地理的に離れた場所にいる複数のデータアナリストが、同じBigQueryのデータセットを安全に共有し、共同で分析を行う際、データのコピーをせずにアクセスできる機能は何ですか？,BigQuery Admin,BigQuery Data Transfer Service,BigQuery Authorized Views (承認済みビュー),BigQuery Remote Functions,C,承認済みビューを使用すると、特定のデータセット全体ではなく、その一部だけを他のユーザーやグループに安全に共有し、共同作業を促進できます。,【単元2：データと AI によるイノベーション】
100,ストリーミングデータ処理において、データが一時的に蓄積され、後続のシステムに送信されるまでの橋渡しをするメッセージングサービスは何ですか？,BigQuery,Cloud Storage,Pub/Sub,Cloud SQL,C,Pub/Subは、アプリケーション間でメッセージを非同期に交換するためのメッセージングミドルウェアで、リアルタイムのイベント処理（ストリーミング）の基盤となります。,【単元2：データと AI によるイノベーション】
101,人工知能 (AI) が自ら学習し、推論を行うプロセスの総称は何ですか？,データウェアハウス,リレーショナルデータベース,機械学習 (Machine Learning / ML),オブジェクトストレージ,C,機械学習は、明示的なプログラミングなしに、データからパターンを学習し、予測や意思決定を行うAIのサブフィールドです。,【単元2：データと AI によるイノベーション】
102,データレイクとデータウェアハウスの主な違いは何ですか？,データレイクは構造化データのみを保存し、データウェアハウスは非構造化データのみを保存する。,データレイクは生データや非構造化データを保存し、データウェアハウスは構造化され、分析のために最適化されたデータを保存する。,データレイクは常にRDBMSを使用し、データウェアハウスはNoSQLのみを使用する。,データレイクはオンプレミスのみで、データウェアハウスはクラウドのみである。,B,データレイク（Cloud Storageが代表的）は「データを加工せず、そのまま」貯め、データウェアハウス（BigQuery）は「加工・構造化し、分析に特化」して貯めます。,【単元2：データと AI によるイノベーション】
103,Google Cloudにおいて、ログデータなどの時系列データを収集し、リアルタイムで監視・分析するためのサービス群は何ですか？,Cloud SQL と Cloud Spanner,Cloud Storage と Cloud CDN,"Cloud Logging, Cloud Monitoring, Cloud Trace",Cloud Build と Cloud Deploy,C,これら3つのサービスは、システムの Observability（可観測性）を提供し、ログ、メトリクス、トレースを通じてシステムの状況を詳細に把握できます。,【単元2：データと AI によるイノベーション】
104,企業が「レコメンデーションアルゴリズム」を構築する目的として最も適切なものはどれですか？,全てのユーザーに常に同じ製品を宣伝するため,ユーザーの過去の行動や好みに基づいて、購入する可能性のある製品やコンテンツを予測し推薦することで、顧客体験を向上させ、売上を増加させるため,データのサイロ化を促進するため,クラウドの利用料金を増やすため,B,レコメンデーションエンジンは、Eコマース、動画配信、音楽ストリーミングなどで広く利用され、パーソナライズされた体験を提供します。,【単元2：データと AI によるイノベーション】
105,データガバナンスにおける「データのライフサイクル管理」とは、主にどのような側面を指しますか？,データが生成されてから、保管、利用、アーカイブ、そして最終的に削除されるまでの全プロセスを管理すること,データが常にインターネット上で公開されていること,データを使用するすべての従業員に無制限のアクセス権を付与すること,データを一度作成したら、永久に更新しないこと,A,データのライフサイクル管理は、データの生成から廃棄までを一貫して管理し、セキュリティ、コンプライアンス、コスト効率を最適化する責任を伴います。,【単元2：データと AI によるイノベーション】
106,銀行の不正取引検知システムにおいて、リアルタイムで大量のトランザクションデータを分析し、異常パターンを即座に検出するために最適なデータ処理サービスは何ですか？,BigQuery (バッチ処理向け),Dataflow (ストリーム処理とバッチ処理の両方),Cloud SQL (トランザクション処理向け),Google Compute Engine (汎用VM),B,Dataflowは、Apache Beamをベースとした強力なストリーム処理エンジンであり、リアルタイムで大量のデータを処理し、低遅延での異常検知を可能にします。,【単元2：データと AI によるイノベーション】
107,Google Cloudの「AutoML」サービスがビジネスにもたらす主な価値は何ですか？,ベテランの機械学習エンジニアを一掃できる,機械学習の専門知識がなくても、高品質なカスタムAIモデルを迅速に開発・デプロイできる,サーバーの物理的なメンテナンスを自動化できる,顧客が所有するデータを抹消できる,B,AutoMLは、機械学習の民主化を推し進め、機械学習の専門家でなくてもAIプロジェクトを推進できるようにすることで、AIのビジネス活用を加速させます。,【単元2：データと AI によるイノベーション】
108,企業のDXにおいてデータ分析を強化する際、複数の部門に散在するデータを統合し、一元的なデータソースを構築する主な目的は何ですか？,各部門が独自のデータ分析ツールを使用することを強制するため,データのサイロ化を解消し、組織全体で一貫性のあるデータに基づいた意思決定を可能にするため,データにアクセスできる従業員の数を最小限に制限するため,データのバックアップを不要にするため,B,データ統合は、組織全体のデータに対する単一の真実の源（Single Source of Truth）を確立し、部門間でのデータ連携や高度な分析を可能にします。,【単元2：データと AI によるイノベーション】
109,高度な知識がなくても、画像内のテキストを読み取る（OCR）、画像内の顔を検出する、有名企業のロゴを認識するなどの機能を提供するAPI群を何と呼びますか？,Cloud Natural Language API,Cloud Vision AI,Cloud Speech-to-Text API,Cloud Translation API,B,Cloud Vision AIは、Googleの事前学習済みモデルを利用して、画像分析機能をアプリケーションに簡単に組み込むことができます。,【単元2：データと AI によるイノベーション】
110,既存のデータ分析基盤をGoogle Cloudに移行する際、オンプレミスのHadoop/Sparkクラスターのワークロードをそのまま移行し、マネージド環境で運用するために最適なサービスは何ですか？,BigQuery,Cloud SQL,Dataproc,Firestore,C,"Dataprocは、オープンソースのビッグデータフレームワーク（Hadoop, Spark, Flinkなど）をGoogle Cloud上でマネージドサービスとして提供するため、既存のワークロードの移行を容易にします。",【単元2：データと AI によるイノベーション】
111,企業のIoTデバイスから生成される膨大なセンサーデータをリアルタイムで収集し、後続の分析パイプライン（例: Dataflow）に引き渡すために最適なサービスは何ですか？,Cloud Storage,Pub/Sub,Cloud SQL,BigQuery,B,Pub/Subは、数百万人規模のデバイスやサービスからのメッセージを、リアルタイムかつ高いスループットで取り込むことに特化しています。,【単元2：データと AI によるイノベーション】
112,AIモデルを本番環境にデプロイした後も、モデルの性能が時間の経過とともに劣化しないように、定期的にデータとモデルを監視・再学習するプラクティスを何と呼びますか？,バッチ推論,MLOps (Machine Learning Operations),データクリーニング,フィーチャエンジニアリング,B,MLOpsは、開発・デプロイから運用・監視・再学習まで、機械学習モデルのライフサイクル全体を管理するための実践とツールを指します。,【単元2：データと AI によるイノベーション】
113,複数のGoogle Cloudサービス間でデータを連携・統合する際、イベント駆動型アーキテクチャの基盤となるメッセージングサービスは何ですか？,Cloud Load Balancing,Cloud CDN,Pub/Sub,Cloud DNS,C,Pub/Subは、異なるサービスやアプリケーション間でイベントメッセージを非同期にやり取りするためのハブとして機能します。,【単元2：データと AI によるイノベーション】
114,顧客が自身のデータの保管場所（リージョン）を「データレジデンシー要件」に従って明確に指定できるGoogle Cloudのサービスはどれですか？,Cloud Spanner,Cloud Storage,BigQuery,上記すべて（多くのGoogle Cloudサービスでリージョン指定が可能）,D,GDPRなどの規制に対応するため、多くのGoogle Cloudサービスでは、データの保管場所（リージョンまたはマルチリージョン）を顧客が選択できるようになっています。,【単元2：データと AI によるイノベーション】
115,非構造化データ（画像、動画、文書）から情報を抽出し、構造化された情報に変換するために使用されるAIの一分野は何ですか？,予測分析,画像認識 (Computer Vision) と自然言語処理 (NLP),最適化アルゴリズム,統計的品質管理,B,画像認識によって画像から物体やテキストを抽出し、自然言語処理によって文書から意味やエンティティを抽出するなど、非構造データの価値を引き出すAI技術です。,【単元2：データと AI によるイノベーション】
116,データサイエンスチームが、Jupyter Notebook環境でデータ分析や機械学習モデルの開発をインタラクティブに行うためのマネージドサービスは何ですか？,Dataproc,Vertex AI Workbench (旧 AI Platform Notebooks),BigQuery ML,Dataflow,B,Vertex AI Workbenchは、JupyterLabベースの開発環境を提供し、データサイエンティストがGPUサポートや事前構築されたMLフレームワークを利用して効率的に作業できるようにします。,【単元2：データと AI によるイノベーション】
117,金融サービスにおいて、顧客がGoogle Cloud上に構築したオンラインバンキングシステムで、データの強固な整合性（厳密なトランザクション）と数ミリ秒レベルの低遅延アクセスを保証する必要がある場合、どのデータベースを選択すべきですか？,Cloud Storage,Firestore,Cloud Spanner,Cloud Bigtable,C,Cloud Spannerは、グローバルな分散データベースでありながら、リレーショナルデータベースの強整合性とACID特性を保証し、金融取引などのミッションクリティカルな用途に最適です。,【単元2：データと AI によるイノベーション】
118,グローバルに展開するECサイトのリアルタイム検索機能のバックエンドとして、ミリ秒単位のアクセスが求められる超高速なキーバリューストアが必要な場合、どのデータベースを選択すべきですか？,Cloud SQL,Cloud Spanner,Cloud Bigtable,BigQuery,C,Cloud Bigtableは、HBase互換のワイドカラム型NoSQLデータベースであり、ペタバイト規模のデータに対してミリ秒単位の低遅延アクセスと高いスループットを提供します。,【単元2：データと AI によるイノベーション】
119,企業が生成AI（Generative AI）技術を活用して実現できるイノベーションの例として適切でないものはどれですか？,顧客からの問い合わせに対して、パーソナライズされた応答を生成するチャットボット,製品デザインのアイデアを自動的に生成する,マーケティングキャンペーン用の広告コピーや画像を自動生成する,既存のハードウェアの物理的なメンテナンスを完全に自動化する,D,生成AIは主にコンテンツ生成やテキスト理解、コード生成などに強みを発揮しますが、物理的なハードウェアのメンテナンスを直接自動化するものではありません（これにはロボティクスなどが関係します）。,【単元2：データと AI によるイノベーション】
120,企業が顧客情報の分析を通じて市場のトレンドを特定し、将来のビジネス戦略を策定するために使用するGoogle Cloudのツールスタックとして最適な組み合わせはどれですか？,"Compute Engine, Cloud Storage, Cloud Functions","Pub/Sub, Cloud DNS, Cloud Armor","BigQuery, Dataflow, Vertex AI, Looker","Cloud VPN, VPC, Cloud Interconnect",C,BigQueryでデータを貯め、Dataflowで加工、Vertex AIで機械学習、Lookerで可視化・分析という組み合わせは、データからビジネスインサイトを得るための一般的な分析パイプラインです。,【単元2：データと AI によるイノベーション】
121,インフラの構築・管理を一切行わずに、リクエストが来た時だけコンテナ化されたアプリケーションを実行・自動スケールできるサービスは何ですか？,Compute Engine,Google Kubernetes Engine (GKE),Cloud Run,Bare Metal Solution,C,Cloud Runはフルマネージドのサーバーレス コンテナ実行環境です。ゼロスケール（アクセスがない時はインスタンスが0になる）に対応しています。,【単元3：インフラストラクチャとアプリのモダナイゼーション】
122,複数のコンテナのデプロイ、スケーリング、ネットワーキングを自動化・管理（オーケストレーション）するマネージドサービスは何ですか？,Cloud Run,App Engine,Cloud Build,Google Kubernetes Engine (GKE),D,GKEは、Kubernetes環境を提供するマネージドサービスであり、大規模なコンテナオーケストレーションに不可欠です。,【単元3：インフラストラクチャとアプリのモダナイゼーション】
123,オンプレミスのVM環境をクラウドに移行する際、コードを書き直さずそのままインフラを移行する手法を何と呼びますか？,リプラットフォーム,リファクタリング,リフト＆シフト（リホスト）,リプレイス,C,リフト＆シフトは、アプリケーションの改修を最小限に抑え、素早くクラウドへ移行するためのアプローチです。,【単元3：インフラストラクチャとアプリのモダナイゼーション】
124,Google Cloud上で仮想マシン（VM）を作成し、独自のOS環境やソフトウェアを構築できるIaaSサービスは何ですか？,App Engine,Compute Engine,Cloud Run,Cloud Functions,B,Compute Engineは、Googleのインフラストラクチャ上で仮想マシンを提供するIaaSです。,【単元3：インフラストラクチャとアプリのモダナイゼーション】
125,企業が持つサービスやデータをAPIとして外部に公開する際、セキュリティ、分析、レート制限などを一元管理できるプラットフォームは何ですか？,Cloud Armor,Cloud Endpoints,Apigee,Identity-Aware Proxy (IAP),C,Apigeeは、企業のAPIエコシステムを構築・管理・収益化するためのフルライフサイクルAPI管理プラットフォームです。,【単元3：インフラストラクチャとアプリのモダナイゼーション】
126,インフラ管理が不要で、開発者がアプリケーションのコードをアップロードするだけでWebアプリを公開できるPaaSサービスは何ですか？,Compute Engine,GKE,Cloud Storage,App Engine,D,App Engineは、Webアプリケーションやモバイルバックエンドの構築に適したフルマネージドのPaaS（Platform as a Service）です。,【単元3：インフラストラクチャとアプリのモダナイゼーション】
127,一つの巨大なアプリケーションを、独立してデプロイ・拡張可能な複数の小さなサービスの集合体として構築する設計手法は何ですか？,モノリシックアーキテクチャ,マイクロサービスアーキテクチャ,サーバーレスアーキテクチャ,ピアツーピアアーキテクチャ,B,マイクロサービスは、機能ごとにサービスを分割することで、開発の俊敏性やスケーラビリティを向上させる手法です。,【単元3：インフラストラクチャとアプリのモダナイゼーション】
128,オンプレミスのVMware環境を、既存のツールやスキルセットを活かしたままGoogle Cloud上に移行・実行できるサービスは何ですか？,Migrate for Compute Engine,Google Cloud VMware Engine,Anthos,Bare Metal Solution,B,Google Cloud VMware Engineを使用すると、VMwareワークロードをネイティブにクラウドへリフト＆シフトできます。,【単元3：インフラストラクチャとアプリのモダナイゼーション】
129,Oracleデータベースなど、クラウドの仮想化環境に移行するのが難しい特殊なワークロードを実行するための専用ハードウェア環境は何ですか？,Bare Metal Solution,Compute Engine,Cloud SQL,GKE,A,Bare Metal Solutionは、ハイパーバイザ（仮想化レイヤー）を持たない物理サーバー環境を提供し、特殊なライセンス要件や性能要件を満たします。,【単元3：インフラストラクチャとアプリのモダナイゼーション】
130,ソースコードの変更を自動的にテストし、本番環境へ安全かつ迅速にデプロイする一連のプロセス（CI/CD）を実行するサービスは何ですか？,Cloud Source Repositories,Cloud Deploy,Cloud Build,Artifact Registry,C,Cloud Buildは、インフラストラクチャ上で継続的インテグレーション（CI）および継続的デリバリー（CD）を実行するサービスです。,【単元3：インフラストラクチャとアプリのモダナイゼーション】
131,Google Cloud、オンプレミス、他社クラウド（AWSやAzureなど）の複数の環境にまたがるコンテナ化されたアプリケーションを、一元的に管理できるプラットフォームは何ですか？,Anthos,App Engine,Cloud Run,Apigee,A,Anthosは、マルチクラウドおよびハイブリッドクラウド環境において、Kubernetesクラスタを一元管理し、一貫した運用を提供する強力なプラットフォームです。,【単元3：インフラストラクチャとアプリのモダナイゼーション】
132,世界中のユーザーに対して、画像や動画などの静的コンテンツを高速に配信するため、ユーザーに最も近いエッジサーバーにデータをキャッシュするサービスは何ですか？,Cloud DNS,Cloud Load Balancing,Cloud CDN (Content Delivery Network),Cloud Interconnect,C,Cloud CDNは、Googleのグローバルネットワークの末端（エッジ）を利用してコンテンツをキャッシュし、Webサイトの表示速度を向上させます。,【単元3：インフラストラクチャとアプリのモダナイゼーション】
133,クラウドネイティブな開発において「サーバーレス」という言葉が意味するものは何ですか？,物理的なサーバーが地球上に存在しないこと,開発者や運用者が、サーバーの構築やパッチ適用、スケーリングを管理する必要がないこと,ネットワーク接続なしでアプリケーションが動くこと,ソフトウェアをローカルPCでのみ実行すること,B,実際には裏側でサーバーが動いていますが、その管理作業をすべてクラウドプロバイダーが自動で行うため、ユーザーからは「サーバーが存在しないかのように」扱えます。,【単元3：インフラストラクチャとアプリのモダナイゼーション】
134,画像がアップロードされた時やメッセージが届いた時など、特定の「イベント（トリガー）」が発生した時だけ単一の短いコード（関数）を実行するのに適したサーバーレスサービスは何ですか？,Cloud Functions,Compute Engine,GKE,Cloud Storage,A,Cloud Functionsは、イベント駆動型の軽量なコード実行（FaaS: Function as a Service）に最適なサービスです。,【単元3：インフラストラクチャとアプリのモダナイゼーション】
135,ソフトウェアを、コードとそれを実行するために必要なライブラリや設定ファイルごとひとまとめにパッケージ化し、どの環境でも同じように動作させる技術を何と呼びますか？,仮想マシン (VM),ベアメタル,コンテナ,サーバーレス,C,コンテナ（Dockerなど）は、OSを丸ごと仮想化するVMよりも軽量で起動が速く、開発環境と本番環境の差異をなくすためモダンなアプリ開発の標準となっています。,【単元3：インフラストラクチャとアプリのモダナイゼーション】
136,オンプレミスのシステムをクラウドに移行する際、コードを大幅に書き直すのではなく、データベースをCloud SQLに置き換えるなど、一部をマネージドサービスに変更して最適化する手法は何ですか？,リホスト (リフト＆シフト),リプラットフォーム (Move and Improve),リファクタリング,リテイン (保持),B,リプラットフォームは、基本アーキテクチャを変えずに、クラウドの利点（管理の手間削減など）を得るために一部をマネージドサービスに置き換える手法です。,【単元3：インフラストラクチャとアプリのモダナイゼーション】
137,グローバルに展開するWebアプリにおいて、ユーザーからのアクセスを世界中の最も適切な（最も近い、または負荷の低い）サーバーに自動的に振り分けるサービスは何ですか？,Cloud CDN,Cloud DNS,Cloud Load Balancing,VPC,C,GoogleのCloud Load Balancingは、単一のグローバルIPアドレスを用いて、世界規模のトラフィックを瞬時に分散させることができます。,【単元3：インフラストラクチャとアプリのモダナイゼーション】
138,開発したアプリケーションのソースコードを管理・共有するための、Google Cloud上のプライベートなGitリポジトリサービスは何ですか？,Cloud Build,Cloud Source Repositories,Artifact Registry,Cloud Deploy,B,Cloud Source Repositoriesは、コードの安全な保管とバージョン管理を行うためのマネージドサービスです。,【単元3：インフラストラクチャとアプリのモダナイゼーション】
139,GKE (Google Kubernetes Engine) を Compute Engine (VM) よりも優先して選択すべきなのはどのようなケースですか？,単一の巨大なレガシーOS環境をそのまま動かしたい場合,マイクロサービスとして分割された数百のコンテナを、自動的にオーケストレーション（管理・運用）したい場合,物理サーバーに直接アクセスしてハードウェアを制御したい場合,データベースのライセンス上、仮想化レイヤーを排除したい場合,B,コンテナ化されたアプリが多数ある場合、それらの死活監視やオートスケールを自動化するKubernetes環境（GKE）が必須となります。,【単元3：インフラストラクチャとアプリのモダナイゼーション】
140,"コンテナのイメージや言語パッケージ（npm, mavenなど）を一元的に保存、管理、保護するためのサービスは何ですか？",Cloud Storage,Cloud Build,Artifact Registry,Datastore,C,旧Container Registryの後継サービスであり、CI/CDパイプラインと統合してソフトウェアの成果物（アーティファクト）を安全に管理します。,【単元3：インフラストラクチャとアプリのモダナイゼーション】
141,オンプレミスで稼働している古い巨大なアプリケーションを、クラウドの利点（スケーラビリティなど）を最大限に活かせるよう、マイクロサービスやコンテナベースのアーキテクチャに根本から作り直す移行戦略は何ですか？,リホスト (リフト＆シフト),リファクタリング (リアーキテクト / 作り直し),リテイン (現状維持),リタイア (廃棄),B,リファクタリング（クラウドネイティブ化）は、移行にかかる時間とコストは最大になりますが、長期的なアジリティやコスト削減の恩恵も最大になります。,【単元3：インフラストラクチャとアプリのモダナイゼーション】
142,コンテナ技術の最大のメリットである「ポータビリティ（可搬性）」がもたらすビジネス上の利点は何ですか？,開発者のローカルPCで動いたアプリが、テスト環境や本番環境（クラウド上）でも全く同じように動作する,ネットワークの帯域幅が無限になる,アプリケーションのコードが自動的に生成される,データベースのバックアップが不要になる,A,コンテナにはOSの依存関係がパッケージ化されているため、「私のPCでは動いたのにサーバーでは動かない」という問題を解消でき、どこへでも簡単に持ち運べます。,【単元3：インフラストラクチャとアプリのモダナイゼーション】
143,サーバーレスコンピューティング（Cloud RunやCloud Functionsなど）の料金モデルにおける最大の特徴は何ですか？,サーバーの電源が入っている間は常に課金される,コードが実行された時間（ミリ秒単位）やリクエスト数に対してのみ課金され、アクセスがなければ料金はゼロになる,月額固定のライセンス料を支払う,クレジットカードの登録が不要である,B,サーバーレスはインフラの管理が不要なだけでなく、「ゼロスケール（使っていない時はタダ）」になるため、トラフィックの変動が激しいアプリで大幅なコスト削減が期待できます。,【単元3：インフラストラクチャとアプリのモダナイゼーション】
144,マイクロサービスアーキテクチャを採用することで得られる「開発チーム」にとっての利点は何ですか？,全員が単一の巨大なコードベースを編集する必要がある,サービスAの更新をするために、システム全体を停止して同時にデプロイする必要がある,小さなチームが、他のチームに影響を与えることなく、独立してサービスの開発・テスト・デプロイを迅速に行える,使用できるプログラミング言語が1つに制限される,C,マイクロサービスは機能ごとに分割されているため、各チームが自律的に動き（例：決済チームはJava、検索チームはGo言語を使うなど）、リリースサイクルを高速化できます。,【単元3：インフラストラクチャとアプリのモダナイゼーション】
145,開発者がソースコードを頻繁にリポジトリに統合し、自動的にビルドとテストを実行することで、バグを早期に発見しソフトウェアの品質を保つソフトウェア開発のベストプラクティスを何と呼びますか？,継続的インテグレーション (CI),継続的デリバリー (CD),マイクロサービス,モノリス,A,CI（Continuous Integration）はコードの統合とテストの自動化を指します。一方、CD（Continuous Delivery/Deployment）はその後の本番環境への自動デプロイを指します。,【単元3：インフラストラクチャとアプリのモダナイゼーション】
146,Google CloudでWebアプリケーションをホスティングする際、インフラの管理を減らしつつ、特定のOSの設定変更など「基盤への深いアクセス」が必要な場合、どのサービスを選ぶべきですか？,App Engine,Cloud Run,Cloud Functions,Compute Engine,D,OSのカスタマイズや特定のソフトウェアのインストールなど、インフラに対する完全な制御が必要な場合は、IaaSであるCompute Engine（VM）を選択します。,【単元3：インフラストラクチャとアプリのモダナイゼーション】
147,企業が「ハイブリッドクラウド」環境（オンプレミス＋Google Cloud）を意図的に選択する正当な理由として適切なものはどれですか？,すべてのシステムを1箇所に集約するため,国の規制により、特定の機密性の高い顧客データは自社のデータセンター内に物理的に保管し続ける必要があるため,クラウドプロバイダーのサービスを一切信用していないため,運用コストを2倍に増やすため,B,法的要件や遅延の要件でオンプレミスにデータを残しつつ、AIによる分析やWebフロントの拡張性などクラウドの恩恵も受けたい場合にハイブリッド戦略が採られます。,【単元3：インフラストラクチャとアプリのモダナイゼーション】
148,API管理プラットフォームである「Apigee」が提供する主な機能はどれですか？,仮想マシンの作成と管理,データベースの自動バックアップ,APIの利用状況の分析、セキュリティ（認証）、トラフィックのレート制限（使いすぎ防止）,ソースコードのバージョン管理,C,ApigeeはAPIの玄関口（ゲートウェイ）として機能し、誰がどのAPIをどれくらい使っているかを監視・制御し、APIの安全な公開と収益化を支援します。,【単元3：インフラストラクチャとアプリのモダナイゼーション】
149,マイクロサービス間などのシステム同士が通信する際、一方のサービスがダウンしてもシステム全体が停止しないように、Pub/Subなどのメッセージキューを挟んで独立性を保つ設計手法を何と呼びますか？,密結合 (Tightly Coupled),疎結合 (Loosely Coupled),モノリシック,同期処理,B,コンポーネント同士の依存関係を減らす「疎結合」アーキテクチャにより、システム全体の耐障害性（フォールトトレランス）と拡張性が向上します。,【単元3：インフラストラクチャとアプリのモダナイゼーション】
150,既存のアプリケーションをクラウドに移行する際、コードを一切変更せず、OSの設定やデータをそのまま仮想マシン（Compute Engine）にコピーする移行手法（リフト＆シフト）の主なメリットは何ですか？,アプリケーションが自動的にサーバーレスアーキテクチャに変換される,マイクロサービス化が自動的に完了する,移行のスピードが最も速く、短期間でデータセンターを閉鎖できる,移行直後からクラウドの運用コストが10分の1になる,C,リフト＆シフトはアプリの改修が不要なため、移行のリードタイムが最も短く済みます。初期段階で素早くクラウドへ移動し、その後徐々にモダナイズ（リプラットフォームなど）していくのが一般的です。,【単元3：インフラストラクチャとアプリのモダナイゼーション】
151,Webアプリケーションの負荷分散のために、HTTP(S)リクエストを複数のバックエンドインスタンスに分散するグローバルなサービスは何ですか？,Cloud DNS,Cloud CDN,Cloud Load Balancing (HTTP(S) ロードバランサ),Cloud Interconnect,C,Google CloudのHTTP(S)ロードバランサはグローバルな単一IPアドレスを提供し、最も近いバックエンドにトラフィックを分散してユーザー体験を向上させます。,【単元3：インフラストラクチャとアプリのモダナイゼーション】
152,サーバーレスプラットフォームであるCloud RunとCloud Functionsの主な違いは何ですか？,Cloud RunはPythonコードのみをサポートするが、Cloud FunctionsはJavaもサポートする,Cloud Runは任意の言語で書かれたコンテナイメージを実行できるのに対し、Cloud Functionsは特定のランタイム（言語環境）で関数を実行する,Cloud Runは常に課金されるが、Cloud Functionsはリクエストがないと課金されない,Cloud Runはマネージドサービスではない,B,Cloud Runはコンテナを実行するため、Dockerイメージにパッケージ化できる任意の言語やバイナリを実行できます。Cloud FunctionsはFaaS（Function as a Service）であり、Googleが用意する特定のランタイムでコードを実行します。,【単元3：インフラストラクチャとアプリのモダナイゼーション】
153,物理サーバーのCPUやメモリを直接利用し、ハイパーバイザー（仮想化レイヤー）によるオーバーヘッドがない環境を提供するサービスは何ですか？,Compute Engine,Google Kubernetes Engine (GKE),Bare Metal Solution (BMS),Cloud Run,C,Bare Metal Solutionは、特定のワークロード（Oracle DBなど）で、OS以外の仮想化層を排除し、最高のパフォーマンスや特定のライセンス要件を満たすために提供されます。,【単元3：インフラストラクチャとアプリのモダナイゼーション】
154,複数のGoogle Cloudプロジェクトや、オンプレミス環境とGoogle Cloud間のネットワーク接続を簡素化し、サブネットやファイアウォールを一元管理できるVPC機能は何ですか？,Cloud VPN,Shared VPC (共有VPC),VPC Service Controls,Cloud DNS,B,Shared VPCは、中央のホストプロジェクトでVPCネットワークを管理し、複数のサービスプロジェクトからそのネットワークを利用することで、ネットワーク管理を簡素化し、一貫性を保ちます。,【単元3：インフラストラクチャとアプリのモダナイゼーション】
155,CI/CDパイプラインにおいて、ビルドされたコンテナイメージを安全に保存・管理し、そこからGKEなどにデプロイするためのリポジトリサービスは何ですか？,Cloud Source Repositories,Cloud Storage,Artifact Registry (旧 Container Registry),Cloud Build,C,Artifact Registryは、Dockerイメージだけでなく、Maven、npm、Pythonなどのパッケージ形式もサポートするユニバーサルなパッケージ管理サービスです。,【単元3：インフラストラクチャとアプリのモダナイゼーション】
156,Google Cloud上でWebサーバーやデータベースサーバーなどをまとめてデプロイし、設定や管理を一元化するためのサービスは何ですか？,Cloud Functions,Cloud Run,Managed Instance Groups (MIGs),App Engine,C,MIGsは、複数の同一なVMインスタンスを扱うためのマネージドサービスで、オートスケーリング、自動修復、ローリングアップデートなどを提供します。,【単元3：インフラストラクチャとアプリのモダナイゼーション】
157,アプリケーションを開発する際に、特定のクラウドベンダーのAPIやサービスに強く依存しないように設計し、将来的に他のクラウドやオンプレミスへの移行を容易にするアプローチを何と呼びますか？,ベンダーロックイン,ベンダー中立性 (Vendor Neutrality),ベンダー固有設計,モノリシック設計,B,KubernetesやHashiCorp Terraformなどのオープンソース技術を活用することで、クラウド間でポータビリティの高いアプリケーションを構築し、ベンダー中立性を高めることができます。,【単元3：インフラストラクチャとアプリのモダナイゼーション】
158,GKE (Google Kubernetes Engine) において、物理サーバーのCPUやメモリではなく、アプリケーションが要求するコンテナのリソース量に基づいて課金される「サーバーレスKubernetes」のオファリングは何ですか？,Standard GKE,Autopilot GKE,Google Compute Engine,Cloud Functions,B,GKE Autopilotは、ノードのプロビジョニング、管理、スケーリングをGoogleが完全に管理し、ユーザーはコンテナ（Pod）のリソース消費量に対してのみ課金されるため、運用コストと手間を大幅に削減できます。,【単元3：インフラストラクチャとアプリのモダナイゼーション】
159,オンプレミス環境とGoogle Cloudの間で、専用線を使用して安全かつ低遅延、高帯域幅の接続を実現するサービスは何ですか？,Cloud VPN,Cloud Interconnect (専用相互接続/パートナー相互接続),VPC Peering,Public Peering,B,Cloud Interconnectは、オンプレミスからGoogle Cloudへのトラフィックが多い場合や、より安定した接続が必要な場合にVPPNよりも適しています。,【単元3：インフラストラクチャとアプリのモダナイゼーション】
160,開発中のWebサービスの応答時間（レイテンシ）がなぜ遅いのか、どのコンポーネントがボトルネックになっているのかを視覚的に特定するための分散トレーシングツールは何ですか？,Cloud Logging,Cloud Monitoring,Cloud Trace,Cloud Audit Logs,C,Cloud Traceは、リクエストがシステム全体をどのように流れるかを追跡し、パフォーマンスのボトルネックを特定するのに役立ちます。,【単元3：インフラストラクチャとアプリのモダナイゼーション】
161,開発者がコンテナ化したアプリケーションをGoogle Cloudにデプロイする際、インフラの管理をGoogleに任せつつ、Kubernetesの柔軟性も享受したい場合に最適なサービスは何ですか？,Compute Engine (VM),Cloud Run (サーバーレス コンテナ),GKE Autopilot (マネージド Kubernetes),App Engine Standard (PaaS),C,GKE Autopilotは、Kubernetesクラスターのノード管理を完全にGoogleに任せ、コンテナ（Pod）のリソース使用量に基づいて課金されるため、運用負荷を大幅に軽減しつつKubernetesのメリットを享受できます。,【単元3：インフラストラクチャとアプリのモダナイゼーション】
162,複数のマイクロサービスで構成されるアプリケーションにおいて、サービスAがサービスBに非同期でメッセージを送信し、応答を待たずに処理を続行するパターンを実現するのに適したサービスは何ですか？,HTTP(S) Load Balancer,Cloud SQL,Pub/Sub,Cloud CDN,C,Pub/Subを介して非同期メッセージングを行うことで、サービス間の結合度を下げ、一方のサービスがダウンしても他方が影響を受けにくくなります（疎結合）。,【単元3：インフラストラクチャとアプリのモダナイゼーション】
163,既存のWebアプリケーションをGoogle Cloudに移行する際、プラットフォームとしての柔軟性（任意の言語やフレームワークをサポート）と、トラフィックに応じた自動スケーリングの両方を実現したい場合に最適なPaaS系のサービスは何ですか？,Compute Engine,Cloud Functions,App Engine Flexible Environment,Cloud Run,C,App Engine Flexible Environmentは、App Engine Standardよりも柔軟なカスタムランタイムやコンテナ利用をサポートし、自動スケーリング機能も備えています。Cloud Runも選択肢に入りますが、より軽量でイベント駆動型です。このケースでは「プラットフォームとして」という文言からApp Engine Flexibleがより適切です。,【単元3：インフラストラクチャとアプリのモダナイゼーション】
164,CI/CDパイプラインにおいて、ソースコードの変更をトリガーとして、自動的にビルド、テスト、コンテナイメージの構築、そしてGKEへのデプロイまでを一連のワークフローとして実行できるサービスは何ですか？,Cloud Source Repositories,Artifact Registry,Cloud Build,Cloud Monitoring,C,Cloud Buildは、CI/CDパイプライン全体をオーケストレーションするマネージドサービスであり、様々な言語やコンテナ技術に対応しています。,【単元3：インフラストラクチャとアプリのモダナイゼーション】
165,開発チームが、本番環境へのデプロイ前に、アプリケーションが実際に稼働する環境を忠実に再現した「ステージング環境」を迅速に構築・破棄する際に活用できる技術や手法は何ですか？,手動でハードウェアを設置する,Infrastructure as Code (IaC) とコンテナ技術,すべてのテストを本番環境で実行する,文書による仕様書のみで環境を構築する,B,IaC（Terraformなど）とコンテナ（Docker/Kubernetes）を組み合わせることで、開発・テスト・本番で一貫した環境を自動的かつ迅速に準備できます。,【単元3：インフラストラクチャとアプリのモダナイゼーション】
166,Google Cloudで稼働する、複数のVMインスタンス（Compute Engine）のグループに対して、単一のグローバルIPアドレスを付与し、ヘルスチェックに基づいてトラフィックを自動的に分散するサービスは何ですか？,Cloud DNS,Cloud VPN,Cloud Load Balancing,Cloud CDN,C,Cloud Load Balancingは、トラフィックを適切に分散させ、サービスの可用性と性能を向上させます。ヘルスチェックによって異常なインスタンスへのルーティングを停止します。,【単元3：インフラストラクチャとアプリのモダナイゼーション】
167,レガシーなモノリシックアプリケーションを、リファクタリングにより複数の小さなマイクロサービスに分割する主なメリットは何ですか？,開発チームの規模を大幅に縮小できる,各サービスを独立して開発・デプロイ・スケールでき、開発の俊敏性とシステムの耐障害性が向上する,すべてのサービスを単一のプログラミング言語で記述する必要がある,データベースが一つの巨大なデータストアに集約される,B,マイクロサービス化は、開発の並行化、技術選択の自由度、障害の影響範囲の限定、個別のスケーリングといった多くのメリットをもたらします。,【単元3：インフラストラクチャとアプリのモダナイゼーション】
168,クライアントからのすべてのリクエストをバックエンドのアプリケーションインスタンス群に「均等に」分散させるロードバランシングアルゴリズムはどれですか？,少接続数 (Least Connections),加重ラウンドロビン (Weighted Round Robin),ラウンドロビン (Round Robin),最低応答時間 (Least Response Time),C,ラウンドロビンは、リストの先頭から順にリクエストを割り当て、リストの最後まで行くと先頭に戻る単純な分散アルゴリズムです。,【単元3：インフラストラクチャとアプリのモダナイゼーション】
169,プロジェクトAで作成されたCompute Engineインスタンスを、プロジェクトBのVPCネットワークに接続したい場合、最も効率的かつ安全な方法は何ですか？,プロジェクトBのVPCをインターネット経由で公開する,Shared VPC（共有VPC）を設定し、プロジェクトAがプロジェクトBのVPCを利用できるようにする,各プロジェクトに個別のVPNコネクションを確立する,別のクラウドプロバイダーを利用する,B,Shared VPCは、中央のホストプロジェクトのVPCを複数のサービスプロジェクトで共有できるため、ネットワークの複雑性を軽減し、管理コストを最適化します。,【単元3：インフラストラクチャとアプリのモダナイゼーション】
170,信頼性の高いWebフロントエンドをGoogle Cloud上に構築する際、可用性とスケーラビリティを確保するために推奨されるアーキテクチャパターンは何ですか？,単一のCompute Engine インスタンスで全ての負荷を処理する,リージョン内の単一ゾーンにロードバランサと複数のWebサーバーインスタンスを配置する,グローバルロードバランサの背後に、複数のリージョンおよびゾーンに分散されたManaged Instance Group (MIG) を配置する,すべてのトラフィックをCloud Functionsで処理する,C,グローバルロードバランサと、リージョン・ゾーンに跨って冗長化されたMIGの組み合わせは、最高の可用性と自動スケーリングを提供し、地理的に分散したユーザーに低遅延でサービスを届けます。,【単元3：インフラストラクチャとアプリのモダナイゼーション】
171,企業がオンプレミスからクラウドへアプリケーションを移行する際、セキュリティチームが最初に評価すべき項目は何ですか？,アプリケーションのUIデザイン,移行後のアプリケーションが満たすべきセキュリティ要件とコンプライアンス要件、および責任分担モデルにおける役割,アプリケーションの使用言語,開発者の出身地,B,移行後のセキュリティ要件とコンプライアンス、そして責任共有モデルにおける自社の責任範囲を明確にすることは、クラウドセキュリティ戦略の出発点です。,【単元3：インフラストラクチャとアプリのモダナイゼーション】
172,クラウドネイティブな開発において、開発者がローカル環境で本番に近い状態でアプリケーションをテストするために活用できる技術は何ですか？,SSH接続を禁止する,コンテナ（Docker）とKubernetesのローカル環境（ミニキューブなど）,古い仮想マシンイメージを使用する,ネットワーク接続を遮断する,B,コンテナは動作環境をパッケージ化するため、開発者のローカル環境で実行されるコンテナと、クラウドの本番環境で実行されるコンテナは同じ挙動を示し、開発の効率と一貫性を高めます。,【単元3：インフラストラクチャとアプリのモダナイゼーション】
173,Google Cloudの「Cloud Run」は、どのような種類のワークロードに最も適していますか？,複数年にわたる継続的な重いバッチ処理,仮想マシンのOSに依存するレガシーアプリケーション,Webリクエストやイベントによってトリガーされる、ステートレスでコンテナ化されたマイクロサービス,物理ハードウェアに直接アクセスが必要なワークロード,C,Cloud Runは、自動スケーリング（ゼロスケール含む）とフルマネージドコンテナの利点を兼ね備え、APIサービス、マイクロサービス、イベント処理などに最適です。,【単元3：インフラストラクチャとアプリのモダナイゼーション】
174,複数のCloud Functionsが連携して一つのビジネスロジックを実行するシステムを設計する際、これらの関数間でデータを安全かつ非同期に受け渡すために推奨されるサービスは何ですか？,Cloud Storage,Cloud SQL,Pub/Sub,Compute Engine,C,Pub/Subは、イベントを発生源から複数の消費者（Cloud Functionsなど）に非同期に配信するための信頼性の高いミドルウェアです。直接Cloud Storageにデータを置いてトリガーすることも可能ですが、メッセージングとしてはPub/Subが最適です。,【単元3：インフラストラクチャとアプリのモダナイゼーション】
175,企業のIT部門が、アプリケーションをPaaSサービス（例：App Engine）に移行することで得られる、インフラ管理に関する最大のメリットは何ですか？,OSの選択肢が大幅に増える,OSのパッチ適用、スケーリング、ロードバランシングなどのインフラ管理タスクがクラウドプロバイダーにオフロードされる,物理サーバーのCPUを直接制御できる,任意のネットワークハードウェアを設置できる,B,PaaSは、開発者がインフラ管理から解放され、アプリケーションのコード開発に専念できるように設計されています。,【単元3：インフラストラクチャとアプリのモダナイゼーション】
176,アプリケーションのデプロイ戦略として、「カナリアリリース」を採用する主な目的は何ですか？,すべてのユーザーに同時に新バージョンをリリースし、最大の影響を与えるため,少数のユーザー群に新バージョンを事前にリリースし、検証することで、本番環境全体でのリスクを最小限に抑えつつ、安全に新機能を展開するため,古いバージョンを削除し、新しいバージョンを上書きするため,アプリケーションのデプロイを完全に手動で行うため,B,カナリアリリースは、段階的なリリース戦略の一つで、リスクを抑えながら新機能のパフォーマンスや安定性を本番環境に近い状態で評価することを可能にします。,【単元3：インフラストラクチャとアプリのモダナイゼーション】
177,Google Cloudのグローバルネットワークを介して、世界中のユーザーに低遅延で静的なコンテンツ（画像、動画、CSSなど）を配信するために利用できるサービスは何ですか？,Cloud VPN,Cloud Interconnect,Cloud CDN (Content Delivery Network),Cloud Load Balancing,C,Cloud CDNは、Googleの広範なエッジロケーションを利用してコンテンツをキャッシュし、ユーザーに地理的に近い場所から配信することで高速なコンテンツ配信を実現します。,【単元3：インフラストラクチャとアプリのモダナイゼーション】
178,企業の開発者が「Anthos」を活用して得られる主要なメリットは何ですか？,オンプレミス、Google Cloud、他社クラウド間で、一貫したKubernetes管理と運用を実現できる,特定のクラウドプロバイダーのみに依存するようになる,物理サーバーを直接管理する必要がなくなる,サーバーレスアプリケーションの開発に特化できる,A,Anthosは、Kubernetesをベースに、ハイブリッドクラウドおよびマルチクラウド環境全体でアプリケーションをデプロイ、管理、拡張できるプラットフォームです。,【単元3：インフラストラクチャとアプリのモダナイゼーション】
179,データベースのパフォーマンスを監視する際、アプリケーションからの「クエリ速度（実行時間）」が遅延していることがボトルネックになっていると判断した場合、どのような最適化を検討すべきですか？,データベースのストレージ容量を増やす,データベースクエリのインデックス最適化や、非効率なSQL文の修正,データベースのリージョンを変更する,データベースのバックアップ頻度を増やす,B,クエリ速度の遅延は、多くの場合、適切なインデックスがない、またはSQLクエリ自体が最適化されていないことが原因です。,【単元3：インフラストラクチャとアプリのモダナイゼーション】
180,大量のリモートセンサーデータを受信し、それを短時間で処理して分析基盤に流し込む「ストリーミングデータパイプライン」を構築する際に、各コンポーネントが障害を起こしても全体が停止しないように設計する概念は何ですか？,スケールアウト,フォールトトレランス (耐障害性),サービスディスカバリ,ベンダーロックイン,B,フォールトトレランスは、システムの特定のコンポーネントに障害が発生しても、システム全体が機能し続けるような設計を指します。クラウドでは複数のゾーンやリージョンに分散配置することで実現します。,【単元3：インフラストラクチャとアプリのモダナイゼーション】
181,セキュリティの責任を「クラウド事業者（Google）」と「顧客」の両者で分担するという考え方を何と呼びますか？,ゼロトラストモデル,責任共有モデル,最小権限モデル,多層防御モデル,B,"クラウドの利用形態（IaaS, PaaS, SaaS）に応じて、Googleと顧客が管理・保護すべきセキュリティの責任範囲を分担するモデルです。",【単元4：Google Cloudで実現する信頼とセキュリティ】
182,「誰が（ID）」「どのリソースに対して」「何を実行できるか（権限）」を一元的に管理するシステムは何ですか？,Cloud DLP,Cloud Armor,IAM (Identity and Access Management),VPC,C,IAMは、Google Cloudの各リソースに対するアクセス制御をきめ細かく設定・管理するための基盤となるサービスです。,【単元4：Google Cloudで実現する信頼とセキュリティ】
183,セキュリティ設定において、ユーザーが必要とする最小限のアクセス権限のみを付与する原則を何と呼びますか？,職務分掌の原則,最小権限の原則,ゼロトラストの原則,コンプライアンスの原則,B,万が一アカウントが侵害された際の被害を最小限に抑えるため、業務に不要な権限は与えないというセキュリティの基本原則です。,【単元4：Google Cloudで実現する信頼とセキュリティ】
184,社内ネットワークだから安全だと過信せず、すべてのアクセス要求を検証し、認証と認可を厳格に行うセキュリティモデルは何ですか？,境界防御セキュリティ,ゼロトラストセキュリティ,責任共有セキュリティ,エンドポイントセキュリティ,B,「何も信頼しない（Zero Trust）」という前提に立ち、ネットワークの場所に関わらず、すべてのアクセスを検証するアプローチです。,【単元4：Google Cloudで実現する信頼とセキュリティ】
185,悪意のあるトラフィックやDDoS攻撃からWebアプリケーションを保護する、Google Cloudのセキュリティサービスは何ですか？,Cloud Armor,Cloud DLP,Security Command Center,Cloud Identity,A,Cloud Armorは、DDoS対策およびWAF（Web Application Firewall）として機能し、Webサービスを攻撃から保護します。,【単元4：Google Cloudで実現する信頼とセキュリティ】
186,顧客の機密データ（クレジットカード番号や個人情報など）を自動的に検出し、マスキング等の保護処理を行うサービスは何ですか？,Cloud KMS,Cloud DLP,Secret Manager,Cloud Armor,B,Cloud DLP (Data Loss Prevention / 敏感なデータの保護) は、機密データを検出し、匿名化やマスキングを行うことでデータ漏洩を防ぎます。,【単元4：Google Cloudで実現する信頼とセキュリティ】
187,ISOやSOC、PCI DSSなど、Google Cloudが第三者機関から取得しているセキュリティ認証や監査レポートを確認できるポータルは何ですか？,セキュリティ コマンド センター,請求先アカウント,コンプライアンス レポート マネージャー,アーキテクチャ センター,C,コンプライアンス レポート マネージャーを利用することで、顧客は社内や監査人向けのコンプライアンス関連ドキュメントをオンデマンドで取得できます。,【単元4：Google Cloudで実現する信頼とセキュリティ】
188,Google Cloud上でリソースを論理的に分離し、仮想的なネットワーク空間を構築するための基盤サービスは何ですか？,Cloud DNS,Cloud CDN,Cloud Load Balancing,VPC (Virtual Private Cloud),D,VPCは、Google Cloud環境内にプライベートなネットワーク空間を構築し、セキュアな通信基盤を提供するサービスです。,【単元4：Google Cloudで実現する信頼とセキュリティ】
189,Google Cloud上のデータは、デフォルトでどのようにセキュリティ保護されていますか？,顧客が暗号化キーを設定するまで暗号化されない,保存時も転送時も、デフォルトで暗号化される,転送時のみ暗号化される,プレミアムサポート契約時のみ暗号化される,B,Google Cloudでは、ユーザーが何も設定しなくても、保存時（データアットレスト）および転送時（データイントランジット）のデータは強力に暗号化されます。,【単元4：Google Cloudで実現する信頼とセキュリティ】
190,従業員のアカウント管理において、パスワードだけでなくスマートフォン等を用いた複数の要素で本人確認を行う仕組みを何と呼びますか？,シングルサインオン (SSO),フェデレーション認証,多要素認証 (MFA / 2段階プロセス),生体認証,C,パスワード（知識情報）に加え、スマホへの通知やセキュリティキー（所持情報）などを組み合わせることで、アカウントの乗っ取りを強力に防ぎます。,【単元4：Google Cloudで実現する信頼とセキュリティ】
191,社外から社内システムにアクセスする際、VPNを使わずに、ユーザーのIDやデバイスのセキュリティ状態などの「コンテキスト（状況）」に基づいてアクセス制御を行うGoogle Cloudのサービスは何ですか？,Cloud VPN,Identity-Aware Proxy (IAP),Cloud Interconnect,Cloud NAT,B,IAPはゼロトラストモデル（BeyondCorp）を実現するコアコンポーネントであり、VPNなしで安全なリモートアクセスを提供します。,【単元4：Google Cloudで実現する信頼とセキュリティ】
192,Google Cloud上のデータはデフォルトで暗号化されますが、企業のコンプライアンス要件により、「暗号化キー自体も顧客自身で作成・管理したい」場合に利用するサービスは何ですか？,Cloud Identity,Secret Manager,Cloud Key Management Service (Cloud KMS),IAM,C,Cloud KMSを利用することで、顧客管理の暗号鍵（CMEK）を一元的に生成、使用、ローテーション、破棄することができます。,【単元4：Google Cloudで実現する信頼とセキュリティ】
193,Googleのサーバーやインフラ機器のハードウェアレベルでのセキュリティを担保するために、Googleが独自に設計・搭載している専用のセキュリティチップは何ですか？,BeyondCorp,Titan チップ,Shielded VM,Cloud Armor,B,Titanチップは、サーバーの起動時にハードウェアやファームウェアが改ざんされていないかを検証（セキュアブート）する目的で搭載されています。,【単元4：Google Cloudで実現する信頼とセキュリティ】
194,攻撃者が正当なサービスや企業を装ってメールなどを送り、ユーザーのパスワードや機密情報を騙し取るサイバー攻撃の手法は何ですか？,DDoS攻撃,ランサムウェア,フィッシング (Phishing),SQLインジェクション,C,Googleでは、このフィッシング攻撃を根本から防ぐために、物理的な「Titanセキュリティキー」を用いた強力な多要素認証（MFA）を推奨しています。,【単元4：Google Cloudで実現する信頼とセキュリティ】
195,Google Cloudのリソース階層において、企業全体の請求、ポリシー、アクセス権限を最上位で一元管理するためのノード（階層）は何ですか？,組織 (Organization),フォルダ (Folder),プロジェクト (Project),リソース (Resource),A,リソース階層は「組織 ＞ フォルダ ＞ プロジェクト ＞ リソース」の順序です。組織ノードで設定したセキュリティポリシーは、下位のすべてに継承されます。,【単元4：Google Cloudで実現する信頼とセキュリティ】
196,クラウドにおけるコンプライアンス（法令順守）の観点で正しい説明はどれですか？,クラウドを利用すれば、顧客のコンプライアンス責任はすべてGoogleに移行する,Google Cloudは各種セキュリティ認証を取得しているが、その上で自社のデータを安全に設定・運用する責任は顧客にある,コンプライアンスの遵守は、クラウドプロバイダーではなくネットワークプロバイダーの責任である,パブリッククラウドではいかなる業界規制（医療、金融など）も満たすことができない,B,責任共有モデルに基づき、Googleはインフラのコンプライアンスを保証しますが、その上のデータやアクセス権の管理・遵守は顧客（ユーザー）の責任です。,【単元4：Google Cloudで実現する信頼とセキュリティ】
197,「誰が、どこで、いつ、何をしたか」というGoogle Cloud環境内のすべての管理アクティビティやデータアクセス履歴を記録し、監査対応に利用するサービスは何ですか？,Cloud Build,Cloud Audit Logs,Error Reporting,Cloud Trace,B,Cloud Audit Logs（監査ログ）は、悪意のある操作の特定や、セキュリティ監査のための証跡として不可欠なサービスです。,【単元4：Google Cloudで実現する信頼とセキュリティ】
198,データベースのパスワードやAPIキーなどの機密情報をソースコードに直接書き込まず、一元的に暗号化して安全に保存・管理するためのサービスは何ですか？,Cloud Storage,IAM,Secret Manager,Cloud DLP,C,Secret Managerを使用することで、機密情報（シークレット）へのアクセスを制御し、バージョン管理や監査を一元化できます。,【単元4：Google Cloudで実現する信頼とセキュリティ】
199,ユーザーの代わりにアプリケーションや仮想マシン（VM）が他のGoogle Cloudサービスにアクセスする際、認証に使用される特別なアカウントを何と呼びますか？,Google Workspace アカウント,コンシューマー アカウント,サービス アカウント,ゲスト アカウント,C,人間ではなく「システムやアプリケーション」に権限を付与するためのアカウントが「サービスアカウント」です。,【単元4：Google Cloudで実現する信頼とセキュリティ】
200,データ主権（データ・ソブリンティ）やコンプライアンスの要件を満たすため、顧客データを特定の国や地域から出さないように制限する設定を何と呼びますか？,データのサイロ化,データ レジデンシー（データ リージョン）要件,データ レプリケーション,ゼロトラスト,B,ヨーロッパのGDPRなど、特定のデータをその国内・地域内（リージョン）に留めておかなければならない要件に対応するため、Google Cloudでは保存場所を顧客が指定できます。,【単元4：Google Cloudで実現する信頼とセキュリティ】
201,IAM（Identity and Access Management）において、100人の新入社員に特定のプロジェクトへの閲覧権限を付与する際、管理の手間とミスを減らすためのベストプラクティスはどれですか？,100人それぞれのユーザーアカウントに対して個別に権限を付与する,100人に同じパスワードを共有し、1つの管理者アカウントを使わせる,「Googleグループ」を作成して100人を追加し、そのグループに対して1回だけ閲覧権限を付与する,プロジェクトの権限を「インターネット上の全ユーザー」に公開する,C,IAMのベストプラクティスでは、個人に直接権限を付与するのではなく、役割ごとの「グループ」を作成し、グループに対して権限を付与（管理）することが強く推奨されています。,【単元4：Google Cloudで実現する信頼とセキュリティ】
202,ゼロトラストセキュリティモデル（BeyondCorp）において、システムへのアクセスを許可するかどうかを判定する「主な基準」は何ですか？,ユーザーが社内の物理的なオフィスビルにいるかどうか,ユーザーが社内ネットワーク（VPN）に接続しているかどうか,ユーザーの確実な身元（ID）と、使用しているデバイスのセキュリティ状態（コンテキスト）,ユーザーの役職がマネージャー以上かどうか,C,ゼロトラストでは「社内ネットワーク＝安全」という境界型の考え方を捨て、アクセス元の場所に関わらず「誰が、どの端末で（OSは最新か等）」アクセスしてきたかを動的に検証します。,【単元4：Google Cloudで実現する信頼とセキュリティ】
203,Google Cloud環境における「保存データの暗号化（Data at rest encryption）」に関する正しい説明はどれですか？,顧客がオプション機能を購入し、明示的にオンにしない限り暗号化されない,Google Cloudに書き込まれるすべてのデータは、デフォルトで（自動的に）暗号化される,データベースに保存されたデータのみ暗号化され、Cloud Storageのファイルは暗号化されない,平文（暗号化されていない状態）で保存する方がセキュリティレベルが高い,B,Google Cloudでは、特別な設定を行わなくても、ストレージやデータベースに保存されるデータは自動的に最高レベルの技術で暗号化されます。,【単元4：Google Cloudで実現する信頼とセキュリティ】
204,Google Cloudの「Cloud DLP (データ損失防止)」サービスが実行できる具体的なタスクの例はどれですか？,DDoos攻撃のトラフィックを自動的に遮断する,チャットやテキストファイル内の「クレジットカード番号」や「マイナンバー」を検出し、自動で「***」に置き換える（マスキング）,仮想マシンに最新のセキュリティパッチを適用する,従業員のパスワードを複雑なものに変更させる,B,Cloud DLPは、機密情報（PII：個人を特定できる情報など）をスキャン・分類・難読化し、データの安全な活用とコンプライアンス遵守を支援します。,【単元4：Google Cloudで実現する信頼とセキュリティ】
205,自然災害やシステムの大規模障害が発生した際に、ビジネスを継続するため、別の地域（リージョン）にシステムを復旧させるための計画・戦略を何と呼びますか？,ディザスタ リカバリ (DR / 災害復旧),継続的インテグレーション (CI),データ レジデンシー,負荷分散 (ロードバランシング),A,DR（Disaster Recovery）計画は、致命的な障害時にデータを保護し、システムのダウンタイム（RTO）とデータ損失（RPO）を最小限に抑えるための重要なセキュリティ・運用戦略です。,【単元4：Google Cloudで実現する信頼とセキュリティ】
206,Google Cloud環境全体をスキャンし、ファイアウォールの設定ミス、公開されすぎているストレージバケット、マルウェアの感染などの「脆弱性や脅威」をダッシュボードで一元的に可視化するセキュリティサービスは何ですか？,Cloud Audit Logs,Security Command Center (SCC),IAM,Cloud Key Management Service (KMS),B,Security Command Centerは、Google Cloud環境のセキュリティとリスクを包括的に管理・監視するための強力なプラットフォームです。,【単元4：Google Cloudで実現する信頼とセキュリティ】
207,パスワードの漏洩による不正アクセスを防ぐために最も効果的で、Googleが全従業員に義務付けている認証方式は何ですか？,パスワードを30文字以上に設定する,パスワードを毎月変更する,セキュリティキーを用いた「フィッシング耐性のある」多要素認証（MFA / 2段階プロセス）,パスワードを紙に書いて金庫に保管する,C,パスワードだけではフィッシング攻撃等で突破されるため、物理的なセキュリティキー（Titanセキュリティキーなど）を用いた多要素認証が最も確実な防御策とされています。,【単元4：Google Cloudで実現する信頼とセキュリティ】
208,SaaS（例：Google Workspace）を利用する場合、「責任共有モデル」において顧客（ユーザー企業）が引き続き管理責任を負うのはどの部分ですか？,データセンターの物理的な警備,ネットワークルーターの保守,サーバーのOSパッチ適用,アカウントのアクセス権限（誰にライセンスを付与するか）と保存されるデータそのもの,D,SaaS環境ではインフラやアプリの管理はすべてGoogleが行いますが、「誰をシステムに入れるか（IAM）」と「どんなデータを置くか」は常に顧客の責任です。,【単元4：Google Cloudで実現する信頼とセキュリティ】
209,企業がGoogle Cloud上に構築したシステムを、インターネットから完全に隔離された安全なプライベートネットワーク空間に配置するために作成するリソースは何ですか？,Cloud CDN,VPC (Virtual Private Cloud),Cloud DNS,Cloud Load Balancing,B,VPCはクラウド上に論理的に分離された独自のネットワーク空間（サブネットやファイアウォールなど）を提供する基盤です。,【単元4：Google Cloudで実現する信頼とセキュリティ】
210,Google Cloudが取得している「SOC 2」や「ISO 27001」などのコンプライアンス認証は、顧客にとって何を意味しますか？,顧客は自身のシステムに対するセキュリティ対策を一切行う必要がなくなる,独立した第三者機関の監査によって、Google Cloudのインフラや運用プロセスが厳格なセキュリティ基準を満たしていることが証明されている,クラウドの利用料金が無料になる,顧客のシステムは絶対にダウンしないことが法的に保証される,B,これらの認証は、Googleがグローバルなセキュリティ標準やベストプラクティスに準拠していることを示す客観的な証明であり、監査対応などの際に役立ちます。,【単元4：Google Cloudで実現する信頼とセキュリティ】
211,IAMでユーザーに権限を付与する際、「編集者（Editor）」のような広範囲な事前定義ロールではなく、必要最小限の権限のみを含むロールを定義・付与するべき理由は何ですか？,コストを削減するため,セキュリティの脆弱性を最小限に抑え、不正アクセスの被害範囲を限定するため,ドキュメントの管理を簡素化するため,アプリケーションのパフォーマンスを向上させるため,B,最小権限の原則（Principle of Least Privilege）は、IAMの最も重要なセキュリティベストプラクティスの一つです。万一アカウントが侵害されても、被害が限定的になります。,【単元4：Google Cloudで実現する信頼とセキュリティ】
212,機密性の高いデータに対するアクセスが特定のネットワーク境界内（VPC内）に留まるように設定し、データ漏洩のリスクを軽減するセキュリティ機能は何ですか？,Cloud Armor,VPC Service Controls,Cloud DLP,Cloud Identity,B,VPC Service Controlsは、承認されていないネットワークからGoogle Cloudサービスのデータへのアクセスをブロックすることで、データ侵害のリスクを大幅に低減します。,【単元4：Google Cloudで実現する信頼とセキュリティ】
213,Google Cloudが提供するセキュリティサービスで、ユーザーのID情報（メールアドレス、パスワード）に加えて、デバイス（PC、スマホ）のOSバージョンやパッチ適用状況、位置情報などの「コンテキスト」に基づいてアクセス制御を行えるのはどれですか？,Identity-Aware Proxy (IAP),Cloud Identity,Cloud KMS,Access Context Manager (IAPと連携),D,Access Context Manager（アクセスコンテキストマネージャー）は、BeyondCorp Enterpriseの一部で、アクセスレベルを詳細に定義し、IAPと連携してコンテキストに応じたセキュリティポリシーを適用します。,【単元4：Google Cloudで実現する信頼とセキュリティ】
214,企業の従業員がGoogle Cloudサービスにアクセスする際の認証と認可を一元的に管理し、シングルサインオン (SSO) を実現するためのサービスは何ですか？,Cloud Identity,IAM,Cloud VPN,Cloud Armor,A,Cloud Identityは、Google Workspaceのユーザー管理機能と同様に、GCPを含むGoogleのサービス全体のIDを管理し、SSOや多要素認証を提供します。,【単元4：Google Cloudで実現する信頼とセキュリティ】
215,暗号化に使用するキーを生成、保存、使用、ローテーション、破棄するなどのキーライフサイクル全体を管理するためのサービスは何ですか？,Secret Manager,Cloud Storage,Cloud Key Management Service (Cloud KMS),Cloud Identity,C,Cloud KMSは、顧客管理の暗号鍵（CMEK: Customer-Managed Encryption Keys）を安全に管理し、データの暗号化を強化します。Secret ManagerはAPIキーなどのシークレットの管理です。,【単元4：Google Cloudで実現する信頼とセキュリティ】
216,Google Cloudで利用可能なファイアウォールルールにおいて、特定のタグを持つVMインスタンスからの、特定のポートへのインバウンドトラフィックを許可するように設定したい場合、どの項目を設定しますか？,送信元IPアドレスと宛先IPアドレス,サービスアカウントとプロトコル,ターゲットタグと送信元IP範囲,ターゲットネットワークと宛先ポート,C,ファイアウォールルールでは、「ターゲットタグ」を使用してルールを適用するVMを指定し、「送信元IP範囲」で許可するトラフィックの範囲を定義します。ポート番号も合わせて設定します。,【単元4：Google Cloudで実現する信頼とセキュリティ】
217,クラウドで利用する情報に対して、法令、業界規制、内部ポリシーなどの順守が求められることを何と呼びますか？,スケーラビリティ,可用性,コンプライアンス,弾力性,C,コンプライアンスは、情報の取り扱い方、保存方法、アクセス方法などが規定された規則や法律に従うことを意味します。,【単元4：Google Cloudで実現する信頼とセキュリティ】
218,Security Command Centerにおいて、Google Cloud環境全体のセキュリティ状態を監視し、潜在的な脆弱性や脅威、ポリシー違反を特定するための主要な機能は何ですか？,継続的インテグレーションの実行,仮想マシンの自動スケーリング,アセットインベントリ、検出結果の監視、脆弱性管理,データウェアハウスのデータ分析,C,Security Command Centerは、組織のすべてのGCPリソース（アセット）をインベントリ化し、脆弱性スキャンや脅威検出（検出結果）を行い、セキュリティ体制を強化します。,【単元4：Google Cloudで実現する信頼とセキュリティ】
219,ユーザーの行動履歴やシステムの変更履歴など、「いつ、誰が、どのリソースに対して、何を行ったか」という情報を記録・保持するためのサービスは何ですか？,Cloud Logging (活動ログ/監査ログ),Cloud Monitoring,Cloud Trace,Cloud Armor,A,Cloud Loggingは、システムが出力するログを一元的に収集・保存し、検索・分析できるようにします。IAM監査ログもここに含まれます。,【単元4：Google Cloudで実現する信頼とセキュリティ】
220,Google Cloudにおけるセキュリティパッチの適用やOSの更新など、基盤となるインフラストラクチャに対してGoogleが行う管理業務を、顧客側から確認できるプロセスを何と呼びますか？,メンテナンス期間の設定,透過的な運用 (Transparent Operations),顧客側パッチ適用,自動インシデント生成,B,Googleは、インフラのメンテナンスやセキュリティに関する情報を、顧客に対して透明性高く共有する努力をしています。例えば、共有責任モデルのドキュメントや、信頼性に関するブログ記事などです。,【単元4：Google Cloudで実現する信頼とセキュリティ】
221,Google CloudのIAMにおいて、ユーザーに「ビューア」ロールを付与した場合、そのユーザーはどの権限を持ちますか？,リソースの作成、変更、削除が可能である,リソースの表示（読み取り）のみが可能である,リソースの表示は可能だが、課金情報を確認できない,リソースを削除できるが、作成はできない,B,「ビューア」ロールは、リソースの閲覧（読み取り専用）に限定される最も基本的な権限です。必要最小限の権限付与の原則（最小権限の原則）に従います。,【単元4：Google Cloudで実現する信頼とセキュリティ】
222,企業がGoogle Cloudの「VPC Service Controls」を導入する主な目的は何ですか？,顧客アプリケーションのコードを自動的にスキャンして脆弱性を検出する,Google Cloudサービス間のデータ移動を、承認されたネットワーク境界内に限定し、データ漏洩のリスクを軽減する,仮想マシンのOSにウイルス対策ソフトウェアを自動的にインストールする,物理的なデータセンターの入退室管理を行う,B,VPC Service Controlsは、組織の機密データを誤った構成や悪意のあるアクセスから保護するためのセキュリティ境界を作成します。,【単元4：Google Cloudで実現する信頼とセキュリティ】
223,Google Cloudの「Cloud Audit Logs」が記録する主な情報の種類は何ですか？,クラウドサービスの料金情報,サービスを構成または変更した管理者の操作 (Admin Activity) と、Google Cloud上のユーザーデータに対するアクセスイベント (Data Access),物理サーバーのCPU使用率,顧客がアップロードした写真のコンテンツ,B,Cloud Audit Logsは「誰が、いつ、どこで、何をしたか」という監査情報を提供し、セキュリティインシデントの調査やコンプライアンス監査に不可欠です。,【単元4：Google Cloudで実現する信頼とセキュリティ】
224,特定のIPアドレス範囲からのアクセスのみを許可するファイアウォールルールを設定することで、アプリケーションを保護する対策を何と呼びますか？,ゼロトラストセキュリティ,ネットワークセグメンテーション（ネットワーク境界管理）,オートスケーリング,データローカリティ,B,ネットワークセグメンテーションは、ネットワークを小さな部分に分割し、それぞれの間にアクセス制御を設けることで、攻撃の影響範囲を限定し、セキュリティを強化します。,【単元4：Google Cloudで実現する信頼とセキュリティ】
225,Google Cloudの「Secret Manager」が提供する主な機能は何ですか？,仮想マシンのシークレットな設定を自動的に行う,データベースのパスワード、APIキー、証明書などの機密情報を安全に保存、管理、自動ローテーションする,顧客の機密データをインターネットに公開する,サーバーの物理的な位置を隠す,B,Secret Managerは、アプリケーションの機密情報をコードにハードコーディングすることなく、安全に管理し、アクセスを厳しく制御することを可能にします。,【単元4：Google Cloudで実現する信頼とセキュリティ】
226,企業が「最小権限の原則」に従ってIAMポリシーを設計する主な理由はどれですか？,コストを削減するため,サービスアカウントの数を増やすため,攻撃者がシステムへの不正アクセスに成功した場合の被害範囲を最小限に抑えるため,開発者の作業を遅らせるため,C,必要最小限の権限のみを付与することで、不正アクセスが行われた際にも、攻撃者ができる操作を制限し、システムへの損害を軽減できます。,【単元4：Google Cloudで実現する信頼とセキュリティ】
227,ユーザーのデバイスがセキュリティポリシーに準拠しているか（OSが最新か、特定のソフトウェアがインストールされているかなど）を確認した上で、Google Cloudリソースへのアクセスを許可するシステムを何と呼びますか？,Cloud CDN,Context-Aware Access (コンテキストアウェアアクセス),Cloud DNS,Firewall Rules,B,コンテキストアウェアアクセスは、BeyondCorp Enterpriseの一部であり、ユーザーの身元だけでなく、そのアクセス要求の「コンテキスト」（場所、デバイスの状態など）に基づいてアクセスを許可するかを決定します。,【単元4：Google Cloudで実現する信頼とセキュリティ】
228,Google Cloud環境における「セキュリティベースライン」の構築とは何ですか？,最も安価なセキュリティツールを使用すること,セキュリティ設定とポリシーの最低限の標準セットを定義し、すべてのプロジェクトや環境に一貫して適用すること,セキュリティ機能をすべて無効にすること,セキュリティ監査を年に一度だけ行うこと,B,セキュリティベースラインは、すべてのクラウド利用において満たすべきセキュリティの最低ラインを定め、セキュリティ体制の均一性と管理を容易にします。,【単元4：Google Cloudで実現する信頼とセキュリティ】
229,企業がGoogle Cloud上でアプリケーションを運用する際、DDoS攻撃からサービスを保護するために利用できるサービスは何ですか？,Cloud DLP,Cloud Armor,Secret Manager,Cloud KMS,B,Cloud Armorは、ネットワークエッジでDDoS攻撃からの保護と、WAF（Web Application Firewall）機能を提供し、悪意のあるトラフィックをブロックします。,【単元4：Google Cloudで実現する信頼とセキュリティ】
230,Google Cloudの「Security Command Center (SCC)」が提供する主要な機能は何ですか？,物理的なデータセンターの温度を監視する,Google Cloud環境全体のセキュリティの脆弱性検出、脅威の監視、コンプライアンス管理を統合されたダッシュボードで提供する,従業員にセキュリティトレーニングを行う,サーバーレスアプリケーションのコードを自動生成する,B,SCCは、組織のセキュリティ体制を包括的に可視化し、リスク管理とインシデント対応を効率化するための統合プラットフォームです。,【単元4：Google Cloudで実現する信頼とセキュリティ】
231,Google Cloudのグローバルに分散されたデータセンターとネットワークによって、どのような種類のセキュリティ脅威から顧客データを保護していますか？,顧客アプリケーションの内部ロジックエラー,ソフトウェアのバグによるデータ破損,地域的な自然災害、大規模な停電、物理的な施設への攻撃,顧客が誤って共有設定したデータの公開,C,Googleの堅牢なインフラは、物理的な障害や大規模な自然災害から顧客データを保護するために設計されており、複数のリージョン/ゾーンに分散配置することで耐障害性を高めています。,【単元4：Google Cloudで実現する信頼とセキュリティ】
232,Identity-Aware Proxy (IAP) を利用することで、VPNやファイアウォールルールなしにGoogle Cloud上のアプリケーションにアクセスを許可できる理由はどこにありますか？,あらゆるユーザーからのアクセスを無条件に許可するため,TCP/IPプロトコルを使用せずにアクセスするため,ユーザーの身元とデバイスの状態に基づいた認証と承認を、アプリケーション層で実行するため,アプリケーションが完全にオフラインで動作するため,C,IAPは、Googleのグローバルネットワークを介して認証・承認を行い、アプリケーションへのアクセスを細かく制御することで、ゼロトラストなリモートアクセスを実現します。,【単元4：Google Cloudで実現する信頼とセキュリティ】
233,企業がGoogle Cloud上に構築したWebサイトが、地理的に異なる場所から大量のアクセスを受ける際に、それらのトラフィックを安全かつ効率的に振り分けるサービスは何ですか？,VPC Service Controls,Cloud Armor,Cloud Load Balancing (グローバル),Cloud DNS,C,グローバルロードバランサは、世界中のユーザーからのトラフィックを分散し、Cloud Armorと組み合わせることでDDoS攻撃などからも保護できます。,【単元4：Google Cloudで実現する信頼とセキュリティ】
234,Google Cloudの「透過的なデータ暗号化」に関する正しい説明はどれですか？,顧客が明示的に設定しなくても、すべてのデータが自動的にGoogleによって暗号化される,顧客が管理する暗号鍵でなければ暗号化されない,データの転送時のみ暗号化され、保存時は平文である,データセンターに入る前に顧客がデータを暗号化する必要がある,A,Google Cloudは、保存時も転送時も、顧客が意識することなくデフォルトで強力な暗号化を適用しています。これは多くのユーザーにとって重要なセキュリティ機能です。,【単元4：Google Cloudで実現する信頼とセキュリティ】
235,企業がGoogle Cloudの組織ポリシー（Organization Policy）を設定する主な目的は何ですか？,組織内の特定のユーザーに個別のIAM権限を付与するため,組織全体または特定のフォルダ以下のリソースに対して、Google Cloudサービスの使用方法に関する一貫した制約やルールを強制するため,特定のプロジェクトの請求上限を設定するため,従業員のGoogle Workspaceアカウントのパスワードを変更するため,B,組織ポリシーは、特定のリージョンへのリソースデプロイを制限したり、特定の外部IPアドレスの使用を禁止したりするなど、組織レベルでのガバナンスを強制する強力なツールです。,【単元4：Google Cloudで実現する信頼とセキュリティ】
236,クラウドにおいて、データが特定の地域（国）内に物理的に存在することを要求する規制や要件を何と呼びますか？,データハイブリッド,データレジデンシー (Data Residency),データサイロ,データバックアップ,B,データレジデンシーは、GDPRのような個人情報保護法規や、特定の業界規制、または企業の内部ポリシーによって課される場合があります。,【単元4：Google Cloudで実現する信頼とセキュリティ】
237,Google Cloudにおける「サービスアカウント」の主な用途は何ですか？,Google Cloudサービスにアクセスするための個人のGoogleアカウント,人間ではなく、アプリケーションや仮想マシンなどのGoogle Cloudリソースが、他のGoogle Cloudサービスに安全に認証・アクセスするためのID,顧客サポートに問い合わせるためのアカウント,Google Workspaceのメールアドレス,B,サービスアカウントは、プログラム的に他のサービスへのアクセスを安全に行うためのもので、最小権限の原則に基づいて適切な権限を付与できます。,【単元4：Google Cloudで実現する信頼とセキュリティ】
238,企業がクラウド環境でセキュリティインシデントが発生した場合の対応計画を策定する際に、最初に定義すべき項目は何ですか？,攻撃者の特定と懲罰,インシデントの検知、分析、封じ込め、根絶、復旧、事後対策を含む「インシデントレスポンス計画」,全てのシステムを即座にシャットダウンすること,クラウドプロバイダーに全ての責任を押し付けること,B,インシデントレスポンス計画は、セキュリティインシデント発生時に組織が迅速かつ効果的に対応し、被害を最小限に抑え、復旧を早めるためのロードマップです。,【単元4：Google Cloudで実現する信頼とセキュリティ】
239,Googleのデータセンターで使用されている物理的なサーバーの起動プロセスを保護し、マルウェアやルートキットからの攻撃を防ぐための技術的な対策は何ですか？,Cloud DLP,Titan セキュリティ チップと Shielded VM,Cloud Armor,Identity-Aware Proxy (IAP),B,Titanチップはハードウェアレベルでのセキュリティを強化し、Shielded VMは仮想マシンがセキュアに起動し、改ざんされていないことを保証します。,【単元4：Google Cloudで実現する信頼とセキュリティ】
240,企業がGoogle Cloudのリソース階層において「プロジェクト」を適切に設計する主な目的は何ですか？,全てのアプリケーションを単一の課金アカウントに帰属させるため,プロジェクトごとにリソース、IAMポリシー、課金、APIを論理的に分離し、独立した開発と管理を可能にするため,プロジェクト間でリソースを共有できないようにするため,プロジェクトの数を無制限に増やすため,B,プロジェクトはGoogle Cloudにおける基本的な組織単位であり、リソースと管理を分離するための重要な境界となります。,【単元4：Google Cloudで実現する信頼とセキュリティ】
241,ソフトウェアエンジニアリングのアプローチを用いて、システムの運用と信頼性を管理するGoogle発祥の考え方は何ですか？,DevOps,Agile,SRE (サイト信頼性エンジニアリング),ITIL,C,SREは「開発のスピード（アジリティ）」と「システムの安定性（信頼性）」のバランスを取ることを目的とした、運用の実践的なアプローチです。,【単元5：運用でのスケーリングとコスト管理】
242,エラー率やレイテンシ（遅延）など、ユーザー視点でのサービスのパフォーマンスを定量的に測定した「指標」を何と呼びますか？,SLA,SLO,SLI,KPI,C,SLI（Service Level Indicator）は、現在のシステムの状態を示す「実際の測定値（指標）」です。,【単元5：運用でのスケーリングとコスト管理】
243,ユーザーが満足するサービス品質を保つために設定する、SLIに対する「社内の目標値」を何と呼びますか？,SLA,SLO,SLI,Error Budget,B,SLO（Service Level Objective）は、開発チームと運用チームが合意して設定する「目標値」です。SLAのような法的なペナルティはありません。,【単元5：運用でのスケーリングとコスト管理】
244,システムを構築する前に、Google Cloudの利用料金を構成要素ごとに入力し、毎月の推定コストを見積もることができるツールは何ですか？,請求レポート,Google Cloud 料金計算ツール (Pricing Calculator),コスト管理ダッシュボード,予算とアラート,B,導入前に構成ごとの費用をシミュレーションするためのツールです。,【単元5：運用でのスケーリングとコスト管理】
245,予想外の請求を防ぐため、クラウド利用料が一定の金額に達した際にメールなどで通知を受け取る機能を何と呼びますか？,割り当て制限 (Quotas),予算とアラート,請求エクスポート,確約利用割引,B,予算を設定し、その閾値に達した際にアラート（通知）を送る機能です。リソースを自動停止する機能ではない点に注意が必要です。,【単元5：運用でのスケーリングとコスト管理】
246,1年または3年間のリソース利用を事前に確約することで、VMインスタンス等の料金が大幅に割り引かれる制度は何ですか？,継続利用割引 (SUD),Spot VM,無料枠 (Free Tier),確約利用割引 (CUD),D,CUD（Committed Use Discounts）は、長期間安定して稼働するシステムにおいてコストを最適化するための契約モデルです。,【単元5：運用でのスケーリングとコスト管理】
247,いつでもGoogle側に回収される可能性がある代わりに、通常のVMよりも大幅に安い価格で提供されるVMインスタンスは何ですか？,Spot VM (プリエンプティブル VM),共有コア VM,カスタムマシンタイプ,シールドされた VM (Shielded VM),A,Spot VMは、中断されても再実行可能なバッチ処理や、フォールトトレラント（耐障害性）なワークロードに利用することで、大幅なコスト削減が可能です。,【単元5：運用でのスケーリングとコスト管理】
248,クラウド環境の利用状況をAIが分析し、「使われていないVMの削除」や「権限の最小化」などを提案してコスト削減とセキュリティ向上を支援する機能は何ですか？,Cloud Monitoring,Security Command Center,Active Assist (Recommender),Cloud Logging,C,Active Assistは、パフォーマンス向上、セキュリティ強化、コスト削減、信頼性向上などの最適化案を自動的に提案してくれます。,【単元5：運用でのスケーリングとコスト管理】
249,Google Cloud環境のログ収集、パフォーマンス監視、エラー検知を一元的に行う運用管理スイートは何ですか？,Google Cloud Observability (旧 Cloud Operations / Stackdriver),Cloud Audit Logs,Cloud Trace,Cloud Profiler,A,旧称Stackdriverとして知られ、Cloud MonitoringやCloud Loggingなどの機能を含み、システムの健全性を総合的に可視化します。,【単元5：運用でのスケーリングとコスト管理】
250,本番環境の重要なシステムに障害が発生した場合、15分以内の迅速な対応が保証される、Google Cloudの最上位サポートプランは何ですか？,ベーシック サポート,スタンダード サポート,エンハンスト サポート,プレミアム サポート,D,プレミアムサポートは、ビジネスクリティカルな環境向けの最上位プランで、最速のレスポンスタイムと専任のアカウント管理が含まれます。,【単元5：運用でのスケーリングとコスト管理】
251,組織内の複数の部門が同じクラウド環境を利用している場合、どの部門がどれだけのコストを発生させているかを正確に分類・把握するためにリソースに付与するメタデータは何ですか？,タグ,ラベル (Labels),IAMロール,クオータ,B,"ラベルは「キーと値」のペア（例：team: marketing, env: production）であり、請求レポートでコストを部門やプロジェクトごとにフィルタリング・配分する際に必須の機能です。",【単元5：運用でのスケーリングとコスト管理】
252,毎月の詳細なクラウド利用料金データを、SQLを使って深く分析したり、Lookerでダッシュボード化したりするために、請求データをどこへ自動エクスポートすべきですか？,Cloud Storage,BigQuery,Cloud SQL,Compute Engine,B,Cloud BillingのデータをBigQueryにエクスポート設定しておくことで、ミリ秒単位で数百万行の請求データを分析し、コストの最適化を図ることができます。,【単元5：運用でのスケーリングとコスト管理】
253,企業が「本番環境」のワークロードを運用しており、優先度の高い問題（P1）に対して【1時間以内】の応答時間と、24時間365日のサポートを必要とする場合、最低限どのサポートプランを選択すべきですか？,ベーシック サポート,スタンダード サポート,エンハンスト サポート,プレミアム サポート,C,スタンダードサポートの応答時間はP2で4時間以内です。本番環境向けの1時間以内の応答（P1）を保証するには、エンハンスト（またはプレミアム）が必要です。,【単元5：運用でのスケーリングとコスト管理】
254,事前の契約や確約なしでも、特定のVMインスタンスを月に一定割合（25%など）以上継続して稼働させた場合に「自動的」に適用される割引制度は何ですか？,確約利用割引 (CUD),継続利用割引 (SUD: Sustained Use Discounts),Spot VM 割引,ボリューム ディスカウント,B,SUDは、長時間稼働するリソースに対して自動的に適用される割引です（※Compute Engineの特定のマシンタイプに適用）。事前に利用を約束するCUDとは異なります。,【単元5：運用でのスケーリングとコスト管理】
255,開発環境での操作ミスや、予期せぬトラフィックの急増、またはアカウント乗っ取りによって、クラウド利用料が意図せず青天井に膨れ上がるのを防ぐための「リソースの利用上限枠」を何と呼びますか？,予算とアラート,クオータ (Quotas / 割り当て),SLA,請求エクスポート,B,予算アラートは「通知」のみですが、クオータ（割り当て）は「特定のAPIやVMを作成できる物理的な上限数」を制限し、それ以上の作成・課金を強制的にブロックします。,【単元5：運用でのスケーリングとコスト管理】
256,企業内で「人事部門」と「営業部門」のようにプロジェクトをグループ化し、部門ごとに一括してIAMポリシーや権限を管理するために利用するリソース階層のノードは何ですか？,組織 (Organization),フォルダ (Folders),プロジェクト (Projects),リソース (Resources),B,フォルダを使用すると、複数のプロジェクトを論理的にグループ化でき、部署や環境（開発・本番など）ごとの管理が容易になります。,【単元5：運用でのスケーリングとコスト管理】
257,企業がクラウドのコストを単に削減するだけでなく、部門横断型のチーム（財務、開発、運用）が連携して、クラウドへの投資価値を最大化するための文化と実践のフレームワークを何と呼びますか？,DevOps,SRE,FinOps,ITIL,C,FinOpsは「Financial Operations」の略で、クラウドの変動費モデルに対して財務的な説明責任を持たせ、ビジネス価値を高めるための実践アプローチです。,【単元5：運用でのスケーリングとコスト管理】
258,Google Cloud環境で設定した「予算」の閾値（例：予算の90%）に達した場合、デフォルトの挙動として何が起こりますか？,すべてのVMが自動的にシャットダウンされる,プロジェクトのデータが削除される,請求管理者に通知メールが送信されるだけで、システムは稼働し続ける,自動的にプレミアムサポートへ連絡がいく,C,デフォルトでは予算超過してもリソースは停止しません。停止させたい場合は、Pub/SubとCloud Functionsを連携させたカスタムの自動化（プログラミング）が必要です。,【単元5：運用でのスケーリングとコスト管理】
259,アプリケーションへのアクセスが急増した際、CPU使用率などの指標に基づいて、VMインスタンスの数を自動的に増やし（スケールアウト）、閑散期には減らす（スケールイン）機能は何ですか？,Managed Instance Groups (MIGs) のオートスケーリング,Cloud Run,Cloud Load Balancing,継続利用割引,A,Compute EngineでMIG（マネージド インスタンス グループ）を利用することで、トラフィック量に応じた自動スケーリングと自己修復（オートヒーリング）が可能になります。,【単元5：運用でのスケーリングとコスト管理】
260,SREの原則において、新機能のリリース速度（開発の俊敏性）と、システムの安定性（運用）のバランスをとるための指標となる、SLOを下回るまでに「許容されるエラーの総量」を何と呼びますか？,サービスレベル指標 (SLI),サービスレベル契約 (SLA),エラーバジェット (Error Budget),クオータ,C,例えばSLOを99.9%に設定した場合、残りの0.1%が「エラーバジェット（予算）」です。この予算が残っているうちは新機能のリリースを積極的に行い、枯渇したら安定化に注力するといった判断基準にします。,【単元5：運用でのスケーリングとコスト管理】
261,SRE（サイト信頼性エンジニアリング）において、手作業で反復的であり、自動化が可能なにもかかわらずエンジニアの時間を奪っている運用作業を何と呼びますか？,アジリティ (Agility),イノベーション (Innovation),トイル (Toil),ポストモーテム (Postmortem),C,パスワードの初期化や手動でのサーバー再起動など、価値を生まない作業（トイル）をソフトウェアの力で自動化・削減し、エンジニアを創造的な開発業務に集中させるのがSREの目的の一つです。,【単元5：運用でのスケーリングとコスト管理】
262,SLO（サービスレベル目標）とSLA（サービスレベル契約）の違いに関する正しい説明はどれですか？,SLOは顧客との法的な契約であり、SLAは社内の開発チームの内部目標である,SLOは社内の目標値であり、SLAはそれを下回った場合に顧客へ金銭的補償を伴う法的な契約である,SLOとSLAは全く同じ意味の言葉である,SLOはネットワークの遅延を表し、SLAはストレージの容量を表す,B,SREにおいて、厳格な法契約であるSLA違反を防ぐために、SLAよりも少し厳しい社内基準としてSLO（内部目標）を設定し、運用管理の指標とします。,【単元5：運用でのスケーリングとコスト管理】
263,クラウド利用のコスト最適化手法の一つである「ライトサイジング（Right-sizing）」とは何を意味しますか？,すべてのVMインスタンスを最も安いSpot VMに変更すること,リソースの利用状況（CPUやメモリの消費量）を分析し、過剰に割り当てられているVMのサイズ（マシンスペック）を適切な小さなサイズに変更すること,クラウドプロバイダーに料金の値下げを交渉すること,データセンターの照明をLEDに変えること,B,クラウドでは「割り当てたリソース」に対して課金されるため、使っていない余分なCPUやメモリを削る（適切なサイズに見直す）ことがコスト削減の第一歩です。Active Assistがこの提案をしてくれます。,【単元5：運用でのスケーリングとコスト管理】
264,確約利用割引（CUD: Committed Use Discounts）を利用してコストを削減するのに「最も適している」ワークロードはどれですか？,1年に1回、数日間だけトラフィックが急増するキャンペーンサイト,新しいアイデアを試すための、2週間で終了するテストプロジェクト,24時間365日、常に一定の負荷で安定して稼働し続けるデータベースサーバー,深夜のみ実行され、途中で停止しても問題ないバッチ処理,C,CUDは「1年または3年間の利用を確約」することで割引を得る仕組みです。そのため、常に稼働し続けるベースライン（基盤）となるワークロードに最適です。,【単元5：運用でのスケーリングとコスト管理】
265,Cloud Billingの「予算とアラート」機能において、予算を超過した際に「自動的にシステムを停止させる」など、通知以上のカスタムアクションを実行するにはどうすればよいですか？,予算画面の「自動停止チェックボックス」をオンにするだけでよい,アラートの通知先をPub/Subトピックに設定し、それをトリガーにしてCloud Functionsなどで停止処理のプログラムを実行させる,サポートチームに電話で依頼する,予算アラートでは自動化の仕組みは一切構築できない,B,予算アラートはデフォルトではメール通知のみですが、Pub/Subと連携させることで、プログラムによるプログラマティックな対応（自動シャットダウンや権限の取り消しなど）が可能になります。,【単元5：運用でのスケーリングとコスト管理】
266,SREにおける「エラーバジェット（Error Budget）」の活用方法として正しいものはどれですか？,エラーバジェットが残っている（システムが安定している）うちは、新機能のリリースや実験を積極的に行い、開発のスピードを上げる,エラーバジェットは財務的な予算であり、使い切るとクラウドが利用できなくなる,エラーバジェットが残っている場合、システムの稼働を意図的に停止してバジェットを消費しなければならない,エラーバジェットは100%の可用性を目指すための指標である,A,完璧なシステム（100%）を追求すると開発スピードが落ちます。そこで「許容できる失敗の枠（エラーバジェット）」を設け、枠内であればリスクを取って新機能を素早くリリースする（アジリティを高める）という判断基準にします。,【単元5：運用でのスケーリングとコスト管理】
267,クラウドのコスト管理フレームワークであるFinOpsにおいて、発生したコストを各部門（マーケティング部や開発部など）に配分し、「どのチームがいくら使ったか」を明確にして責任を持たせるプロセスを何と呼びますか？,オートスケーリング,ショーバック (Showback) / チャージバック (Chargeback),リホスト,CI/CD,B,ラベルやタグを活用して部門ごとのコストを可視化（Showback）し、社内で課金（Chargeback）することで、各チームにコスト意識（説明責任）を持たせることができます。,【単元5：運用でのスケーリングとコスト管理】
268,システムの「高可用性（High Availability / HA）」を実現するための基本的なアーキテクチャ設計はどれですか？,すべてのデータベースを単一の物理サーバーに保存する,システムを単一のゾーン（データセンター）内のみに配置する,アプリケーションやデータを複数のゾーン（または複数のリージョン）に分散して配置し、単一障害点（SPOF）を排除する,毎日手動でシステムのバックアップを取る,C,高可用性とは、一部の機器やデータセンターに障害が発生してもサービスが停止しないようにすることです。その基本は「地理的な分散（冗長化）」です。,【単元5：運用でのスケーリングとコスト管理】
269,Google Cloudのテクニカルサポートを利用する際のベストプラクティスとして推奨されていることは何ですか？,障害が発生してから、初めてサポートプランを契約しケースを作成する,本番環境を運用する前に、必要な応答時間（SLA）を満たすサポートプランを評価・契約し、サポートチームと連携体制を作っておく,開発環境と本番環境で同じ（最も安い）サポートプランを使用する,問題の調査はすべてサポートに丸投げし、自社ではログを確認しない,B,重大なインシデントに備えるため、事前のサポートプラン（エンハンストやプレミアム）の選定と体制構築がビジネスの継続性に直結します。,【単元5：運用でのスケーリングとコスト管理】
270,AIを活用してクラウドの運用最適化を支援する「Active Assist」が提供する具体的な提案の例はどれですか？,競合他社のクラウドの価格を自動で調査する,過去90日間全く使用されていない「アイドル状態のIPアドレス」や「過剰なIAM権限」を検出し、削除や縮小を提案する,アプリケーションのバグを自動的に修正するコードを書き換える,従業員の出退勤時間を管理する,B,Active Assist（Recommender）は、ログや使用状況を分析し、コスト削減、セキュリティ強化（最小権限の原則）、パフォーマンス向上のための具体的なアクションを提案してくれます。,【単元5：運用でのスケーリングとコスト管理】
271,SREの概念において、過去の障害から学び、再発防止のために行われる「個人を責めない」分析と改善策の検討プロセスを何と呼びますか？,事後分析 (Postmortem / ポストモーテム),フォールトトレランス,ケイオスエンジニアリング,インシデント管理,A,ポストモーテムは、障害発生時に何が起こったか、なぜ起こったか、どうすれば防げたかを検討し、未来のシステム改善に繋げるための重要な実践です。（非難なきポストモーテム）,【単元5：運用でのスケーリングとコスト管理】
272,Google Cloudの「請求レポート (Billing Reports)」が提供する主な情報は何ですか？,今後のクラウド利用予測と推奨されるリソースの変更,過去のサービス利用実績とそれに対応する費用詳細,クラウド環境のセキュリティ脆弱性リスト,各国のクラウド利用に関する規制情報,B,請求レポートは、プロジェクト別、サービス別、期間別などの詳細な費用内訳を提供し、コスト分析やFinOps活動の基礎となります。,【単元5：運用でのスケーリングとコスト管理】
273,コスト削減のために、CPU使用率が低いVMインスタンスを適切にシャットダウンし、必要な時だけ起動させることで活用できる費用モデルは何ですか？,Always On model (常時稼働モデル),Pay-as-you-go model (従量課金モデル),Fixed Fee model (定額制モデル),Subscription model (サブスクリプションモデル),B,従量課金モデルでは、使った分だけ支払うため、リソースの利用を最適化することでコストを削減できます。シャットダウンされているVMには課金されません。,【単元5：運用でのスケーリングとコスト管理】
274,Google Cloudのサポートプランのうち、リソースが継続的に使用されていて、重要性の高い問題（P1）に対して24時間365日のサポートと、タイムリーな応答が必要な「ビジネスに不可欠なワークロード」に適しているのはどれですか？,ベーシック サポート,スタンダード サポート,エンハンスト サポート,プレミアム サポート,C,エンハンストサポートは、通常の本番環境向けであり、P1問題に対しては1時間以内の応答時間が設定されています。さらに重要なミッションクリティカルなシステムにはプレミアムサポートが適しています。,【単元5：運用でのスケーリングとコスト管理】
275,システムの健全性を監視し、問題が発生した場合に運用チームに通知するために、CPU使用率が90%を超えたらアラートを送信するといった設定を行うサービスは何ですか？,Cloud Logging,Cloud Trace,Cloud Monitoring (アラート機能),Cloud Audit Logs,C,Cloud Monitoringは、リソースのメトリクス（CPU使用率、ネットワークトラフィックなど）を収集し、閾値に基づいたアラート設定やダッシュボードによる可視化を提供します。,【単元5：運用でのスケーリングとコスト管理】
276,Google Cloudの無料利用枠（Free Tier）における「Always Free」製品の主な特徴は何ですか？,期間の制限なく、指定された使用量であれば無料で利用し続けられる,契約から1年間のみ無料で利用できる,指定されたクレジット（$300など）を使い切るまで無料で利用できる,新規プロジェクトにのみ適用され、既存プロジェクトでは利用できない,A,Always Freeは、期間や試用期間の制限なく、Compute Engineの特定のインスタンスタイプやCloud Storageの一定量など、特定のサービスが一定の範囲内で無料で利用し続けられるものです。,【単元5：運用でのスケーリングとコスト管理】
277,複数のユーザーやプロジェクトが利用する共有のデータセットやストレージバケットの費用を、各利用者の使用量に応じて「自動的に」按分し、請求を振り分ける機能は何ですか？,ラベルとフィルター,予算とアラート,チャージバック / ショーバック (コスト配分ツール),確約利用割引 (CUD),C,チャージバックやショーバックは、コストを発生源に結びつけ、各部門やチームにコストに対する説明責任を持たせるためのFinOpsにおける重要な実践です。,【単元5：運用でのスケーリングとコスト管理】
278,クラウド環境において、「リソースのクオータ（割り当て）」が上限に達した場合のデフォルトの挙動は何ですか？,自動的にリソースが拡張され、無限に利用できる,クオータ管理者にメールで通知が送信される,それ以上リソースを作成したり、サービスを拡張したりできなくなる,自動的に別のリージョンにリソースがプロビジョニングされる,C,クオータは、誤った構成や悪意のある操作による無制限の利用を防ぐための上限値です。必要に応じてクオータの引き上げリクエストが可能です。,【単元5：運用でのスケーリングとコスト管理】
279,システムの異常や障害発生時、根本原因を迅速に特定し、サービス復旧までの時間を短縮するために不可欠な運用ツールは何ですか？,Google Workspace,Cloud Billing,"Google Cloud Observability (Cloud Logging, Cloud Monitoring, Cloud Traceなど)",Cloud Interconnect,C,ログの収集・分析、メトリクスの監視、リクエストのトレースは、システムの挙動を理解し、トラブルシューティングを行う上で「観測可能性（Observability）」を確保するためのコアツールです。,【単元5：運用でのスケーリングとコスト管理】
280,クラウドのインフラストラクチャをコードとして定義し、自動的にプロビジョニングおよび管理する手法を何と呼びますか？,手動プロビジョニング,Infrastructure as Code (IaC),サーバーレス,リフト＆シフト,B,IaC（Terraform、Cloud Deployment Managerなど）は、インフラの構築を自動化し、一貫性を保ち、バージョン管理することで、ヒューマンエラーを減らし運用効率を向上させます。,【単元5：運用でのスケーリングとコスト管理】
281,SREの原則において、サービスの信頼性がSLA/SLOを下回った場合に、開発チームがサービスの安定化を最優先し、新機能開発を一時的に停止する状態を何と呼びますか？,フォールトトレランス,エラーバジェットの枯渇 (Error Budget Burnout),デプロイメントパイプライン,カナリアリリース,B,エラーバジェットは、信頼性を犠牲にして新機能開発をどこまで許容できるかの上限を示します。これが枯渇すると、信頼性回復に焦点が移ります。,【単元5：運用でのスケーリングとコスト管理】
282,Google Cloudの課金レポートを分析し、特定の部門やプロジェクトが使っているリソースのコストを明確に把握するために、リソースに割り当てるべきものは何ですか？,固定IPアドレス,ラベル (Labels),サービスアカウント,VMインスタンスタイプ,B,ラベルは、コストアロケーションやリソースのフィルタリング、自動化などに非常に役立つメタデータです。,【単元5：運用でのスケーリングとコスト管理】
283,クラウド環境のコストを最適化するために、現在使用していない（アイドル状態の）Compute Engineインスタンスを特定し、シャットダウンまたは削除を推奨するGoogle Cloudのサービスは何ですか？,Cloud Trace,Cloud Audit Logs,Active Assist (Recommender),Cloud Monitoring,C,Active Assistは、AI/MLを活用して、リソースの最適化（コスト削減、パフォーマンス向上、セキュリティ強化など）に関する具体的なレコメンデーションを提供します。,【単元5：運用でのスケーリングとコスト管理】
284,企業がGoogle Cloudの利用料金を予測し、予期せぬ予算超過を防ぐために設定できる機能は何ですか？,クオータ,予算とアラート,確約利用割引 (CUD),継続利用割引 (SUD),B,予算とアラートは、指定した予算の閾値を超えた場合に通知を送信し、コスト超過に早期に気づけるようにする機能です。,【単元5：運用でのスケーリングとコスト管理】
285,Google Cloudの「Spot VM (旧プリエンプティブルVM)」の主なメリットは何ですか？,24時間365日の連続稼働が保証される,通常のVMよりも大幅に安価に利用できる代わりに、Googleのシステム都合でいつでも停止される可能性がある,物理的なハードウェアに直接アクセスできる,データベースのライセンス費用が無料になる,B,Spot VMは、中断されても問題ないバッチ処理や、フォールトトレラントなワークロードで活用することで、 Compute Engineのコストを大幅に削減できます。,【単元5：運用でのスケーリングとコスト管理】
286,企業が複数のGoogle Cloudプロジェクトにわたって利用しているリソースのコスト全体を把握し、一元的に管理するための最も基本的な概念は何ですか？,フォルダ,組織ノードの請求アカウント,プロジェクト内のネットワーク,BigQueryデータセット,B,請求アカウントは、組織ノードの配下にある複数のプロジェクトのすべての利用料金を一元的に集約し、支払いを行うためのエンティティです。,【単元5：運用でのスケーリングとコスト管理】
287,アプリケーションの応答時間やエラー率など、ユーザー視点でのサービスの品質を定量的に測定し、SREのSLO設定の基礎となる指標は何ですか？,SLA (サービスレベル契約),SLI (サービスレベル指標),トイル (Toil),エラーバジェット (Error Budget),B,SLIは、システム監視によって収集される具体的な測定値であり、これに基づいてSLO（目標）が設定されます。,【単元5：運用でのスケーリングとコスト管理】
288,クラウド環境でアプリケーションを運用する際、予期せぬ障害が発生した場合に、迅速かつ効率的に問題解決を行うための運用プロセスを何と呼びますか？,開発サイクル (Development Cycle),インシデント管理 (Incident Management),変更要求管理 (Change Request Management),構成管理 (Configuration Management),B,インシデント管理は、サービスの可用性を損なうイベントを検知し、迅速に解決するための体系的なプロセスです。SREの実践の中心でもあります。,【単元5：運用でのスケーリングとコスト管理】
289,Google Cloudの「Premium Support」プランが提供する主な追加メリットは何ですか？,電話料金が無料になる,最速の応答時間、専任のテクニカルアカウントマネージャー (TAM)、プロアクティブなサポートが含まれ、ミッションクリティカルなワークロードをサポートする,月額料金が最も安価である,Googleのすべてのサービスが無料で利用できる,B,プレミアムサポートは、ビジネスクリティカルなシステムを運用する大企業向けの最上位サポートで、技術的な専門知識とリソースを包括的に提供します。,【単元5：運用でのスケーリングとコスト管理】
290,SREの原則において、システムが「本来どれくらいの期間停止しても許容されるか」という、顧客との法的な合意に基づいたアップタイムの割合を示す指標は何ですか？,SLI,SLO,SLA,稼働率,C,SLA（Service Level Agreement）は、顧客とサービスプロバイダー間の契約で、サービスレベルが未達成の場合にペナルティ（サービスクレジットなど）が発生します。,【単元5：運用でのスケーリングとコスト管理】
291,Google Cloudの「Cloud Trace」サービスが解決する主な課題は何ですか？,リレーショナルデータベースの設計を自動化する,分散型アプリケーションにおけるリクエストのボトルネックや遅延の原因を特定し、パフォーマンス改善を支援する,サーバーの物理的なセキュリティを強化する,顧客データのバックアップを自動的に行う,B,Cloud Traceは、分散トレーシングによって、リクエストがサービス間でどのように流れるかを可視化し、システム全体のパフォーマンス問題を効率的に診断します。,【単元5：運用でのスケーリングとコスト管理】
292,クラウドインフラのデプロイを、YAMLやJSONなどのテキストファイルで定義し、バージョン管理システム（Gitなど）で管理する手法は何ですか？,手動プロビジョニング,Infrastructure as Code (IaC),サーバーレス,リフト＆シフト,B,IaCは、インフラのデプロイプロセスを自動化し、再現性、一貫性、監査可能性を高めます。TerraformやCloud Deployment Managerなどが代表的です。,【単元5：運用でのスケーリングとコスト管理】
293,Google Cloud環境で稼働しているアプリケーションの「CPU使用率」が設定した閾値を超えた場合にのみ、追加のVMインスタンスを自動的にプロビジョニングする機能は何ですか？,手動スケーリング,オートスケーリング (Managed Instance Groups (MIGs) など),スポットインスタンス,専用相互接続,B,オートスケーリングは、アプリケーションの負荷に応じてリソースを自動的に増減させ、パフォーマンスとコスト効率を両立させます。,【単元5：運用でのスケーリングとコスト管理】
294,企業がクラウド移行において、既存のシステムを「リタイア（廃棄）」するという選択をする主な理由は何ですか？,そのシステムが最新の技術スタックを使用しているため,そのシステムがビジネスにとって価値がなく、新しいクラウドソリューションに置き換える必要がないため、またはコスト削減の機会であるため,そのシステムが物理的なハードウェアに依存しているため,そのシステムを将来的に拡張する計画があるため,B,リタイアは、不要になったシステムを停止・廃棄し、コストと管理の手間を削減する移行戦略の一つです。,【単元5：運用でのスケーリングとコスト管理】
295,クラウドコストを管理するFinOpsのプラクティスにおいて、エンジニアリングチームはどのような役割を果たすべきですか？,コスト削減には一切関与せず、機能開発のみに注力する,財務チームからのコスト削減要請を無視する,リソースの利用状況を理解し、コストを意識したアーキテクチャ設計、最適化、監視を行う,最も高価なサービスを常に選択する,C,FinOpsは、財務、ビジネス、エンジニアリングの各チームが協力し、クラウドコストを最適化し、ビジネス価値を最大化する文化と実践のフレームワークです。エンジニアのコスト意識が不可欠です。,【単元5：運用でのスケーリングとコスト管理】
296,Google Cloudの「無料枠（Free Tier）」に含まれており、特に開発者が実験的なプロジェクトや学習目的で利用するのに適したオファリングは何ですか？,無制限のCompute Engineインスタンス,Google Cloudクレジット ($300トライアル) と Always Free プロダクト,プレミアムサポートの無償利用,あらゆる有料APIの無制限利用,B,Google Cloudは、新規ユーザー向けの期間限定の$300クレジットと、特定のサービスを永続的に無料で利用できる「Always Free」枠を提供しています。,【単元5：運用でのスケーリングとコスト管理】
297,Cloud Monitoringのアラート機能を使用する際に、単一のアラートによって複数の運用担当者に通知を送るためのベストプラクティスは何ですか？,各担当者に対して個別にアラートを設定する,アラートの通知チャネルとして「Googleグループ」または「メールグループ」を設定し、そのグループのメンバーに通知を送信する,全担当者に電話をかける機能を有効にする,アラート機能を無効にする,B,Googleグループやメールグループを利用することで、通知先の一元管理と、チームメンバーの変更に柔軟に対応できます。,【単元5：運用でのスケーリングとコスト管理】
298,企業がクラウド環境で「DevOps」を取り入れる際に、最も重要となる文化的な側面は何ですか？,開発と運用が完全に独立し、互いに干渉しないこと,失敗を避けるために、厳格な階層構造と承認プロセスを維持すること,開発と運用が協力し、責任を共有し、継続的なフィードバックと改善の文化を醸成すること,すべてのタスクを手動で実行すること,C,DevOpsは、文化、プラクティス、ツールの組み合わせによって、開発と運用のサイロを打破し、コミュニケーションとコラボレーションを促進します。,【単元5：運用でのスケーリングとコスト管理】
299,Google Cloudの「組織ノード」が存在しない状態でGoogle Cloudを使用している場合、どのような課題が発生する可能性がありますか？,プロジェクトの課金ができない,グローバルなポリシーやアクセス制御（IAM）を一元的に管理できず、プロジェクトごとのガバナンスが困難になる,Compute Engineインスタンスを作成できない,Cloud Storageバケットを使用できない,B,組織ノードがない場合（または個人的なGoogleアカウントで利用している場合）、プロジェクトは独立した管理対象となり、企業レベルでのガバナンスや統制が非常に困難になります。,【単元5：運用でのスケーリングとコスト管理】
300,クラウドのコスト（運用費）を削減するために、リソースの利用状況を詳細に分析し、過剰なプロビジョニングを見つけて最適化することを何と呼びますか？,オーバープロビジョニング,ライトサイジング（Right-sizing）,リフト＆シフト,ベンダーロックイン,B,ライトサイジングは、CPU、メモリ、ストレージなどのリソースを、実際のワークロードの要件に合わせて適切に調整し直すことで、無駄な課金を減らす最も基本的なコスト最適化手法です。,【単元5：運用でのスケーリングとコスト管理】